Filename,Param_1,Param_2,Param_3,Param_4,Param_5,Param_6,Param_7,Param_8,Tool,Polar Runtime,Average Time per Iteration,# Iterations,Time_Seconds
p_0.00_2000.00_0.00_2000.00_0.0800_10000.00_0.50_0.50.smt2,0.0,2000.0,0.0,2000.0,0.08,10000.0,0.5,0.5,Phaserr,2.111785501,0.16709870267676766,99,20.3788
p_0.00_2000.00_0.00_2000.00_0.0800_10000.00_0.50_1.00.smt2,0.0,2000.0,0.0,2000.0,0.08,10000.0,0.5,1.0,Phaserr,1.803185623,0.13901497410101013,99,17.3051
p_0.00_2000.00_0.00_2000.00_0.0800_10000.00_1.00_0.50.smt2,0.0,2000.0,0.0,2000.0,0.08,10000.0,1.0,0.5,Phaserr,1.731238991,0.13916368405050503,99,15.6637
p_0.00_2000.00_0.00_2000.00_0.0800_10000.00_1.00_1.00.smt2,0.0,2000.0,0.0,2000.0,0.08,10000.0,1.0,1.0,Phaserr,1.711361739,0.12123433306593405,91,12.9128
p_0.00_2000.00_0.00_2000.00_0.0800_110.00_0.50_0.50.smt2,0.0,2000.0,0.0,2000.0,0.08,110.0,0.5,0.5,Phaserr,1.743619603,0.13994951456565657,99,17.2979
p_0.00_2000.00_0.00_2000.00_0.0800_110.00_0.50_1.00.smt2,0.0,2000.0,0.0,2000.0,0.08,110.0,0.5,1.0,Phaserr,1.756591195,0.1364099651111111,99,15.4373
p_0.00_2000.00_0.00_2000.00_0.0800_110.00_1.00_0.50.smt2,0.0,2000.0,0.0,2000.0,0.08,110.0,1.0,0.5,Phaserr,1.74398469,0.13841211974747472,99,17.1851
p_0.00_2000.00_0.00_2000.00_0.0800_110.00_1.00_1.00.smt2,0.0,2000.0,0.0,2000.0,0.08,110.0,1.0,1.0,Phaserr,1.750660122,0.12021001197802199,91,12.8557
p_0.00_2000.00_0.00_2000.00_0.0800_2582.50_0.50_0.50.smt2,0.0,2000.0,0.0,2000.0,0.08,2582.5,0.5,0.5,Phaserr,1.768837021,0.13886742370707075,99,17.2571
p_0.00_2000.00_0.00_2000.00_0.0800_2582.50_0.50_1.00.smt2,0.0,2000.0,0.0,2000.0,0.08,2582.5,0.5,1.0,Phaserr,1.728330506,0.1415581095050505,99,15.9148
p_0.00_2000.00_0.00_2000.00_0.0800_2582.50_1.00_0.50.smt2,0.0,2000.0,0.0,2000.0,0.08,2582.5,1.0,0.5,Phaserr,1.775447104,0.13825174022222228,99,17.0236
p_0.00_2000.00_0.00_2000.00_0.0800_2582.50_1.00_1.00.smt2,0.0,2000.0,0.0,2000.0,0.08,2582.5,1.0,1.0,Phaserr,1.738401615,0.12149514245054946,91,12.9647
p_0.00_2000.00_0.00_2000.00_0.0800_5055.00_0.50_0.50.smt2,0.0,2000.0,0.0,2000.0,0.08,5055.0,0.5,0.5,Phaserr,1.744757108,0.13919472219191922,99,17.1846
p_0.00_2000.00_0.00_2000.00_0.0800_5055.00_0.50_1.00.smt2,0.0,2000.0,0.0,2000.0,0.08,5055.0,0.5,1.0,Phaserr,1.724393932,0.13736683464646463,99,15.4898
p_0.00_2000.00_0.00_2000.00_0.0800_5055.00_1.00_0.50.smt2,0.0,2000.0,0.0,2000.0,0.08,5055.0,1.0,0.5,Phaserr,1.731687761,0.1378642477373737,99,17.0476
p_0.00_2000.00_0.00_2000.00_0.0800_5055.00_1.00_1.00.smt2,0.0,2000.0,0.0,2000.0,0.08,5055.0,1.0,1.0,Phaserr,1.703061005,0.12791422054945054,91,13.5122
p_0.00_2000.00_0.00_2000.00_0.0800_7527.50_0.50_0.50.smt2,0.0,2000.0,0.0,2000.0,0.08,7527.5,0.5,0.5,Phaserr,2.152733507,0.16416829178787884,99,20.0975
p_0.00_2000.00_0.00_2000.00_0.0800_7527.50_0.50_1.00.smt2,0.0,2000.0,0.0,2000.0,0.08,7527.5,0.5,1.0,Phaserr,2.10358031,0.15781999036363636,99,17.8962
p_0.00_2000.00_0.00_2000.00_0.0800_7527.50_1.00_0.50.smt2,0.0,2000.0,0.0,2000.0,0.08,7527.5,1.0,0.5,Phaserr,2.181400224,0.15816088302020198,99,19.5411
p_0.00_2000.00_0.00_2000.00_0.0800_7527.50_1.00_1.00.smt2,0.0,2000.0,0.0,2000.0,0.08,7527.5,1.0,1.0,Phaserr,2.079697505,0.13775707605494505,91,14.8064
p_0.00_2000.00_0.00_2000.00_0.1000_10000.00_0.50_0.50.smt2,0.0,2000.0,0.0,2000.0,0.1,10000.0,0.5,0.5,Phaserr,2.082501559,0.10842991353846156,78,10.7277
p_0.00_2000.00_0.00_2000.00_0.1000_10000.00_0.50_1.00.smt2,0.0,2000.0,0.0,2000.0,0.1,10000.0,0.5,1.0,Phaserr,2.271180673,0.11591091312820513,78,12.9928
p_0.00_2000.00_0.00_2000.00_0.1000_10000.00_1.00_0.50.smt2,0.0,2000.0,0.0,2000.0,0.1,10000.0,1.0,0.5,Phaserr,2.098501189,0.10509954973076925,78,10.486
p_0.00_2000.00_0.00_2000.00_0.1000_10000.00_1.00_1.00.smt2,0.0,2000.0,0.0,2000.0,0.1,10000.0,1.0,1.0,Phaserr,2.102955942,0.09180309713888889,72,8.8975
p_0.00_2000.00_0.00_2000.00_0.1000_110.00_0.50_0.50.smt2,0.0,2000.0,0.0,2000.0,0.1,110.0,0.5,0.5,Phaserr,1.995480079,0.1177300519871795,78,12.8712
p_0.00_2000.00_0.00_2000.00_0.1000_110.00_0.50_1.00.smt2,0.0,2000.0,0.0,2000.0,0.1,110.0,0.5,1.0,Phaserr,2.404920471,0.12324822062820513,78,12.2291
p_0.00_2000.00_0.00_2000.00_0.1000_110.00_1.00_0.50.smt2,0.0,2000.0,0.0,2000.0,0.1,110.0,1.0,0.5,Phaserr,2.288413871,0.11462175735897435,78,12.9152
p_0.00_2000.00_0.00_2000.00_0.1000_110.00_1.00_1.00.smt2,0.0,2000.0,0.0,2000.0,0.1,110.0,1.0,1.0,Phaserr,2.336177855,0.11242761093055553,72,10.6588
p_0.00_2000.00_0.00_2000.00_0.1000_2582.50_0.50_0.50.smt2,0.0,2000.0,0.0,2000.0,0.1,2582.5,0.5,0.5,Phaserr,2.316854723,0.11823861511538457,78,11.7474
p_0.00_2000.00_0.00_2000.00_0.1000_2582.50_0.50_1.00.smt2,0.0,2000.0,0.0,2000.0,0.1,2582.5,0.5,1.0,Phaserr,2.240960647,0.09734211989743588,78,11.5364
p_0.00_2000.00_0.00_2000.00_0.1000_2582.50_1.00_0.50.smt2,0.0,2000.0,0.0,2000.0,0.1,2582.5,1.0,0.5,Phaserr,1.869219668,0.08869222552564104,78,8.9617
p_0.00_2000.00_0.00_2000.00_0.1000_2582.50_1.00_1.00.smt2,0.0,2000.0,0.0,2000.0,0.1,2582.5,1.0,1.0,Phaserr,1.642425831,0.07771433431944444,72,7.4016
p_0.00_2000.00_0.00_2000.00_0.1000_5055.00_0.50_0.50.smt2,0.0,2000.0,0.0,2000.0,0.1,5055.0,0.5,0.5,Phaserr,1.652280346,0.08762066248717948,78,8.6466
p_0.00_2000.00_0.00_2000.00_0.1000_5055.00_0.50_1.00.smt2,0.0,2000.0,0.0,2000.0,0.1,5055.0,0.5,1.0,Phaserr,1.615095115,0.08813498025641024,78,10.1855
p_0.00_2000.00_0.00_2000.00_0.1000_5055.00_1.00_0.50.smt2,0.0,2000.0,0.0,2000.0,0.1,5055.0,1.0,0.5,Phaserr,1.736043645,0.08955534106410258,78,8.8779
p_0.00_2000.00_0.00_2000.00_0.1000_5055.00_1.00_1.00.smt2,0.0,2000.0,0.0,2000.0,0.1,5055.0,1.0,1.0,Phaserr,1.674148804,0.07788192145833335,72,7.4437
p_0.00_2000.00_0.00_2000.00_0.1000_7527.50_0.50_0.50.smt2,0.0,2000.0,0.0,2000.0,0.1,7527.5,0.5,0.5,Phaserr,1.600807036,0.09069541847435897,78,8.837
p_0.00_2000.00_0.00_2000.00_0.1000_7527.50_0.50_1.00.smt2,0.0,2000.0,0.0,2000.0,0.1,7527.5,0.5,1.0,Phaserr,1.575460236,0.0884512826923077,78,10.1343
p_0.00_2000.00_0.00_2000.00_0.1000_7527.50_1.00_0.50.smt2,0.0,2000.0,0.0,2000.0,0.1,7527.5,1.0,0.5,Phaserr,1.603522035,0.0878532522051282,78,8.6179
p_0.00_2000.00_0.00_2000.00_0.1000_7527.50_1.00_1.00.smt2,0.0,2000.0,0.0,2000.0,0.1,7527.5,1.0,1.0,Phaserr,1.721239103,0.07682853288888888,72,7.4157
p_0.00_2000.00_0.00_2000.00_0.1200_10000.00_0.50_0.50.smt2,0.0,2000.0,0.0,2000.0,0.12,10000.0,0.5,0.5,Phaserr,1.576130899,0.07166255164062502,64,6.3209
p_0.00_2000.00_0.00_2000.00_0.1200_10000.00_0.50_1.00.smt2,0.0,2000.0,0.0,2000.0,0.12,10000.0,0.5,1.0,Phaserr,1.553279181,0.0727258295625,64,6.3729
p_0.00_2000.00_0.00_2000.00_0.1200_10000.00_1.00_0.50.smt2,0.0,2000.0,0.0,2000.0,0.12,10000.0,1.0,0.5,Phaserr,1.698531862,0.0719250310625,64,7.9992
p_0.00_2000.00_0.00_2000.00_0.1200_10000.00_1.00_1.00.smt2,0.0,2000.0,0.0,2000.0,0.12,10000.0,1.0,1.0,Phaserr,1.681001437,0.06386057184745762,59,5.6227
p_0.00_2000.00_0.00_2000.00_0.1200_110.00_0.50_0.50.smt2,0.0,2000.0,0.0,2000.0,0.12,110.0,0.5,0.5,Phaserr,1.627434891,0.07323752315625001,64,6.4749
p_0.00_2000.00_0.00_2000.00_0.1200_110.00_0.50_1.00.smt2,0.0,2000.0,0.0,2000.0,0.12,110.0,0.5,1.0,Phaserr,1.561028841,0.07256961082812498,64,6.3576
p_0.00_2000.00_0.00_2000.00_0.1200_110.00_1.00_0.50.smt2,0.0,2000.0,0.0,2000.0,0.12,110.0,1.0,0.5,Phaserr,1.568699593,0.07177497395312499,64,6.3161
p_0.00_2000.00_0.00_2000.00_0.1200_110.00_1.00_1.00.smt2,0.0,2000.0,0.0,2000.0,0.12,110.0,1.0,1.0,Phaserr,1.596236274,0.06405704235593221,59,7.0391
p_0.00_2000.00_0.00_2000.00_0.1200_2582.50_0.50_0.50.smt2,0.0,2000.0,0.0,2000.0,0.12,2582.5,0.5,0.5,Phaserr,1.650461401,0.07160559307812502,64,6.3942
p_0.00_2000.00_0.00_2000.00_0.1200_2582.50_0.50_1.00.smt2,0.0,2000.0,0.0,2000.0,0.12,2582.5,0.5,1.0,Phaserr,1.669595659,0.072527570203125,64,6.4754
p_0.00_2000.00_0.00_2000.00_0.1200_2582.50_1.00_0.50.smt2,0.0,2000.0,0.0,2000.0,0.12,2582.5,1.0,0.5,Phaserr,1.719204218,0.071222672203125,64,6.4401
p_0.00_2000.00_0.00_2000.00_0.1200_2582.50_1.00_1.00.smt2,0.0,2000.0,0.0,2000.0,0.12,2582.5,1.0,1.0,Phaserr,1.738749622,0.06358554276271187,59,5.6465
p_0.00_2000.00_0.00_2000.00_0.1200_5055.00_0.50_0.50.smt2,0.0,2000.0,0.0,2000.0,0.12,5055.0,0.5,0.5,Phaserr,1.629910569,0.07237552575,64,7.9189
p_0.00_2000.00_0.00_2000.00_0.1200_5055.00_0.50_1.00.smt2,0.0,2000.0,0.0,2000.0,0.12,5055.0,0.5,1.0,Phaserr,1.595499332,0.072402085859375,64,6.3903
p_0.00_2000.00_0.00_2000.00_0.1200_5055.00_1.00_0.50.smt2,0.0,2000.0,0.0,2000.0,0.12,5055.0,1.0,0.5,Phaserr,1.570472127,0.07145597534375,64,6.2957
p_0.00_2000.00_0.00_2000.00_0.1200_5055.00_1.00_1.00.smt2,0.0,2000.0,0.0,2000.0,0.12,5055.0,1.0,1.0,Phaserr,1.637372792,0.06446671191525426,59,5.6047
p_0.00_2000.00_0.00_2000.00_0.1200_7527.50_0.50_0.50.smt2,0.0,2000.0,0.0,2000.0,0.12,7527.5,0.5,0.5,Phaserr,1.649751694,0.07095891403124999,64,6.3541
p_0.00_2000.00_0.00_2000.00_0.1200_7527.50_0.50_1.00.smt2,0.0,2000.0,0.0,2000.0,0.12,7527.5,0.5,1.0,Phaserr,1.702486072,0.072341852375,64,8.0022
p_0.00_2000.00_0.00_2000.00_0.1200_7527.50_1.00_0.50.smt2,0.0,2000.0,0.0,2000.0,0.12,7527.5,1.0,0.5,Phaserr,1.582917786,0.07191079064062501,64,6.3453
p_0.00_2000.00_0.00_2000.00_0.1200_7527.50_1.00_1.00.smt2,0.0,2000.0,0.0,2000.0,0.12,7527.5,1.0,1.0,Phaserr,1.570268093,0.06552785798305083,59,5.5985
p_0.00_4000.00_0.00_2000.00_0.0800_10000.00_0.50_0.50.smt2,0.0,4000.0,0.0,2000.0,0.08,10000.0,0.5,0.5,Phaserr,1.605718167,0.15899887489719627,107,20.3251
p_0.00_4000.00_0.00_2000.00_0.0800_10000.00_0.50_1.00.smt2,0.0,4000.0,0.0,2000.0,0.08,10000.0,0.5,1.0,Phaserr,1.668018117,0.1567344712803739,107,18.6003
p_0.00_4000.00_0.00_2000.00_0.0800_10000.00_1.00_0.50.smt2,0.0,4000.0,0.0,2000.0,0.08,10000.0,1.0,0.5,Phaserr,1.661631101,0.13695169793939393,99,16.905
p_0.00_4000.00_0.00_2000.00_0.0800_10000.00_1.00_1.00.smt2,0.0,4000.0,0.0,2000.0,0.08,10000.0,1.0,1.0,Phaserr,1.618709199,0.137453055040404,99,15.3886
p_0.00_4000.00_0.00_2000.00_0.0800_110.00_0.50_0.50.smt2,0.0,4000.0,0.0,2000.0,0.08,110.0,0.5,0.5,Phaserr,1.633788319,0.15804443726168219,107,20.2551
p_0.00_4000.00_0.00_2000.00_0.0800_110.00_0.50_1.00.smt2,0.0,4000.0,0.0,2000.0,0.08,110.0,0.5,1.0,Phaserr,1.651215655,0.1584427847476636,107,18.7682
p_0.00_4000.00_0.00_2000.00_0.0800_110.00_1.00_0.50.smt2,0.0,4000.0,0.0,2000.0,0.08,110.0,1.0,0.5,Phaserr,1.635612458,0.13853255751515153,99,17.0476
p_0.00_4000.00_0.00_2000.00_0.0800_110.00_1.00_1.00.smt2,0.0,4000.0,0.0,2000.0,0.08,110.0,1.0,1.0,Phaserr,1.70319108,0.13774911662626257,99,15.5169
p_0.00_4000.00_0.00_2000.00_0.0800_2582.50_0.50_0.50.smt2,0.0,4000.0,0.0,2000.0,0.08,2582.5,0.5,0.5,Phaserr,1.658278232,0.15989321049532712,107,20.4836
p_0.00_4000.00_0.00_2000.00_0.0800_2582.50_0.50_1.00.smt2,0.0,4000.0,0.0,2000.0,0.08,2582.5,0.5,1.0,Phaserr,1.619641872,0.15717302242990652,107,18.6108
p_0.00_4000.00_0.00_2000.00_0.0800_2582.50_1.00_0.50.smt2,0.0,4000.0,0.0,2000.0,0.08,2582.5,1.0,0.5,Phaserr,1.6456289,0.1378178432020202,99,16.9653
p_0.00_4000.00_0.00_2000.00_0.0800_2582.50_1.00_1.00.smt2,0.0,4000.0,0.0,2000.0,0.08,2582.5,1.0,1.0,Phaserr,1.676127586,0.13963245048484843,99,15.6706
p_0.00_4000.00_0.00_2000.00_0.0800_5055.00_0.50_0.50.smt2,0.0,4000.0,0.0,2000.0,0.08,5055.0,0.5,0.5,Phaserr,1.662460992,0.15679280849532706,107,20.1451
p_0.00_4000.00_0.00_2000.00_0.0800_5055.00_0.50_1.00.smt2,0.0,4000.0,0.0,2000.0,0.08,5055.0,0.5,1.0,Phaserr,1.673839145,0.159775340411215,107,18.9353
p_0.00_4000.00_0.00_2000.00_0.0800_5055.00_1.00_0.50.smt2,0.0,4000.0,0.0,2000.0,0.08,5055.0,1.0,0.5,Phaserr,1.709300695,0.13698596589898987,99,16.9722
p_0.00_4000.00_0.00_2000.00_0.0800_5055.00_1.00_1.00.smt2,0.0,4000.0,0.0,2000.0,0.08,5055.0,1.0,1.0,Phaserr,1.664104329,0.13729345450505048,99,15.4207
p_0.00_4000.00_0.00_2000.00_0.0800_7527.50_0.50_0.50.smt2,0.0,4000.0,0.0,2000.0,0.08,7527.5,0.5,0.5,Phaserr,1.62573442,0.1628266038598131,107,20.755
p_0.00_4000.00_0.00_2000.00_0.0800_7527.50_0.50_1.00.smt2,0.0,4000.0,0.0,2000.0,0.08,7527.5,0.5,1.0,Phaserr,1.666512644,0.15859108795327104,107,20.3523
p_0.00_4000.00_0.00_2000.00_0.0800_7527.50_1.00_0.50.smt2,0.0,4000.0,0.0,2000.0,0.08,7527.5,1.0,0.5,Phaserr,1.685292451,0.13799581751515147,99,15.5102
p_0.00_4000.00_0.00_2000.00_0.0800_7527.50_1.00_1.00.smt2,0.0,4000.0,0.0,2000.0,0.08,7527.5,1.0,1.0,Phaserr,1.635533911,0.1381983457676768,99,17.0228
p_0.00_4000.00_0.00_2000.00_0.1000_10000.00_0.50_0.50.smt2,0.0,4000.0,0.0,2000.0,0.1,10000.0,0.5,0.5,Phaserr,1.751624376,0.09875975511764705,85,10.3049
p_0.00_4000.00_0.00_2000.00_0.1000_10000.00_0.50_1.00.smt2,0.0,4000.0,0.0,2000.0,0.1,10000.0,0.5,1.0,Phaserr,1.62312528,0.09759178323529412,85,10.0796
p_0.00_4000.00_0.00_2000.00_0.1000_10000.00_1.00_0.50.smt2,0.0,4000.0,0.0,2000.0,0.1,10000.0,1.0,0.5,Phaserr,1.706076845,0.08803322351282053,78,8.737
p_0.00_4000.00_0.00_2000.00_0.1000_10000.00_1.00_1.00.smt2,0.0,4000.0,0.0,2000.0,0.1,10000.0,1.0,1.0,Phaserr,1.563212951,0.0890715665128205,78,10.2558
p_0.00_4000.00_0.00_2000.00_0.1000_110.00_0.50_0.50.smt2,0.0,4000.0,0.0,2000.0,0.1,110.0,0.5,0.5,Phaserr,1.587195556,0.09716407749411768,85,10.0106
p_0.00_4000.00_0.00_2000.00_0.1000_110.00_0.50_1.00.smt2,0.0,4000.0,0.0,2000.0,0.1,110.0,0.5,1.0,Phaserr,1.647755949,0.0979019329529412,85,10.1307
p_0.00_4000.00_0.00_2000.00_0.1000_110.00_1.00_0.50.smt2,0.0,4000.0,0.0,2000.0,0.1,110.0,1.0,0.5,Phaserr,1.60644352,0.09078175110256413,78,10.437
p_0.00_4000.00_0.00_2000.00_0.1000_110.00_1.00_1.00.smt2,0.0,4000.0,0.0,2000.0,0.1,110.0,1.0,1.0,Phaserr,1.630621036,0.08858088524358972,78,8.7048
p_0.00_4000.00_0.00_2000.00_0.1000_2582.50_0.50_0.50.smt2,0.0,4000.0,0.0,2000.0,0.1,2582.5,0.5,0.5,Phaserr,1.622166049,0.09666306955294117,85,9.9978
p_0.00_4000.00_0.00_2000.00_0.1000_2582.50_0.50_1.00.smt2,0.0,4000.0,0.0,2000.0,0.1,2582.5,0.5,1.0,Phaserr,1.640493662,0.0990131946823529,85,11.6889
p_0.00_4000.00_0.00_2000.00_0.1000_2582.50_1.00_0.50.smt2,0.0,4000.0,0.0,2000.0,0.1,2582.5,1.0,0.5,Phaserr,1.682583405,0.08693568592307689,78,8.6273
p_0.00_4000.00_0.00_2000.00_0.1000_2582.50_1.00_1.00.smt2,0.0,4000.0,0.0,2000.0,0.1,2582.5,1.0,1.0,Phaserr,1.576878069,0.0859933288717949,78,8.4406
p_0.00_4000.00_0.00_2000.00_0.1000_5055.00_0.50_0.50.smt2,0.0,4000.0,0.0,2000.0,0.1,5055.0,0.5,0.5,Phaserr,1.696945326,0.0992330656352941,85,10.2924
p_0.00_4000.00_0.00_2000.00_0.1000_5055.00_0.50_1.00.smt2,0.0,4000.0,0.0,2000.0,0.1,5055.0,0.5,1.0,Phaserr,1.662092051,0.10127704334117647,85,12.0692
p_0.00_4000.00_0.00_2000.00_0.1000_5055.00_1.00_0.50.smt2,0.0,4000.0,0.0,2000.0,0.1,5055.0,1.0,0.5,Phaserr,1.660293306,0.08609591043589744,78,8.54
p_0.00_4000.00_0.00_2000.00_0.1000_5055.00_1.00_1.00.smt2,0.0,4000.0,0.0,2000.0,0.1,5055.0,1.0,1.0,Phaserr,1.563098425,0.08633655262820514,78,8.4578
p_0.00_4000.00_0.00_2000.00_0.1000_7527.50_0.50_0.50.smt2,0.0,4000.0,0.0,2000.0,0.1,7527.5,0.5,0.5,Phaserr,1.954080211,0.10021289509411767,85,12.2424
p_0.00_4000.00_0.00_2000.00_0.1000_7527.50_0.50_1.00.smt2,0.0,4000.0,0.0,2000.0,0.1,7527.5,0.5,1.0,Phaserr,1.736257297,0.09767770974117647,85,10.2041
p_0.00_4000.00_0.00_2000.00_0.1000_7527.50_1.00_0.50.smt2,0.0,4000.0,0.0,2000.0,0.1,7527.5,1.0,0.5,Phaserr,1.665036478,0.08559934619230768,78,8.5036
p_0.00_4000.00_0.00_2000.00_0.1000_7527.50_1.00_1.00.smt2,0.0,4000.0,0.0,2000.0,0.1,7527.5,1.0,1.0,Phaserr,1.588103223,0.08772525562820513,78,8.5942
p_0.00_4000.00_0.00_2000.00_0.1200_10000.00_0.50_0.50.smt2,0.0,4000.0,0.0,2000.0,0.12,10000.0,0.5,0.5,Phaserr,1.672061118,0.0823840478,70,9.2156
p_0.00_4000.00_0.00_2000.00_0.1200_10000.00_0.50_1.00.smt2,0.0,4000.0,0.0,2000.0,0.12,10000.0,0.5,1.0,Phaserr,1.607369901,0.07986464744285715,70,7.3638
p_0.00_4000.00_0.00_2000.00_0.1200_10000.00_1.00_0.50.smt2,0.0,4000.0,0.0,2000.0,0.12,10000.0,1.0,0.5,Phaserr,1.571662498,0.06997296912500002,64,6.2062
p_0.00_4000.00_0.00_2000.00_0.1200_10000.00_1.00_1.00.smt2,0.0,4000.0,0.0,2000.0,0.12,10000.0,1.0,1.0,Phaserr,1.607141153,0.07181605728124998,64,6.3615
p_0.00_4000.00_0.00_2000.00_0.1200_110.00_0.50_0.50.smt2,0.0,4000.0,0.0,2000.0,0.12,110.0,0.5,0.5,Phaserr,1.613362768,0.0803166054,70,9.0105
p_0.00_4000.00_0.00_2000.00_0.1200_110.00_0.50_1.00.smt2,0.0,4000.0,0.0,2000.0,0.12,110.0,0.5,1.0,Phaserr,1.597411002,0.08515089125714288,70,7.7137
p_0.00_4000.00_0.00_2000.00_0.1200_110.00_1.00_0.50.smt2,0.0,4000.0,0.0,2000.0,0.12,110.0,1.0,0.5,Phaserr,1.625848608,0.07052651078124998,64,6.305
p_0.00_4000.00_0.00_2000.00_0.1200_110.00_1.00_1.00.smt2,0.0,4000.0,0.0,2000.0,0.12,110.0,1.0,1.0,Phaserr,1.601344656,0.06968354509375001,64,6.2201
p_0.00_4000.00_0.00_2000.00_0.1200_2582.50_0.50_0.50.smt2,0.0,4000.0,0.0,2000.0,0.12,2582.5,0.5,0.5,Phaserr,1.563502921,0.0821524966857143,70,7.4765
p_0.00_4000.00_0.00_2000.00_0.1200_2582.50_0.50_1.00.smt2,0.0,4000.0,0.0,2000.0,0.12,2582.5,0.5,1.0,Phaserr,1.686220199,0.08281938148571426,70,9.2377
p_0.00_4000.00_0.00_2000.00_0.1200_2582.50_1.00_0.50.smt2,0.0,4000.0,0.0,2000.0,0.12,2582.5,1.0,0.5,Phaserr,1.561208007,0.07038792829687501,64,6.2186
p_0.00_4000.00_0.00_2000.00_0.1200_2582.50_1.00_1.00.smt2,0.0,4000.0,0.0,2000.0,0.12,2582.5,1.0,1.0,Phaserr,1.642885253,0.07088901665625,64,6.3367
p_0.00_4000.00_0.00_2000.00_0.1200_5055.00_0.50_0.50.smt2,0.0,4000.0,0.0,2000.0,0.12,5055.0,0.5,0.5,Phaserr,1.580545868,0.08102398635714286,70,7.4316
p_0.00_4000.00_0.00_2000.00_0.1200_5055.00_0.50_1.00.smt2,0.0,4000.0,0.0,2000.0,0.12,5055.0,0.5,1.0,Phaserr,1.60655714,0.08161325825714286,70,7.4741
p_0.00_4000.00_0.00_2000.00_0.1200_5055.00_1.00_0.50.smt2,0.0,4000.0,0.0,2000.0,0.12,5055.0,1.0,0.5,Phaserr,1.726189619,0.073081885640625,64,8.1344
p_0.00_4000.00_0.00_2000.00_0.1200_5055.00_1.00_1.00.smt2,0.0,4000.0,0.0,2000.0,0.12,5055.0,1.0,1.0,Phaserr,1.639700434,0.07177316146875001,64,6.3965
p_0.00_4000.00_0.00_2000.00_0.1200_7527.50_0.50_0.50.smt2,0.0,4000.0,0.0,2000.0,0.12,7527.5,0.5,0.5,Phaserr,1.577641777,0.07943110711428572,70,7.3015
p_0.00_4000.00_0.00_2000.00_0.1200_7527.50_0.50_1.00.smt2,0.0,4000.0,0.0,2000.0,0.12,7527.5,0.5,1.0,Phaserr,1.601674908,0.0797798126714286,70,7.3397
p_0.00_4000.00_0.00_2000.00_0.1200_7527.50_1.00_0.50.smt2,0.0,4000.0,0.0,2000.0,0.12,7527.5,1.0,0.5,Phaserr,1.588550847,0.07325708923437499,64,8.043
p_0.00_4000.00_0.00_2000.00_0.1200_7527.50_1.00_1.00.smt2,0.0,4000.0,0.0,2000.0,0.12,7527.5,1.0,1.0,Phaserr,1.66487078,0.07148658220312501,64,6.3984
p_2000.00_2000.00_0.00_2000.00_0.0800_10000.00_0.50_0.50.smt2,2000.0,2000.0,0.0,2000.0,0.08,10000.0,0.5,0.5,Phaserr,1.67949629,0.1351571294949495,99,15.2376
p_2000.00_2000.00_0.00_2000.00_0.0800_10000.00_0.50_1.00.smt2,2000.0,2000.0,0.0,2000.0,0.08,10000.0,0.5,1.0,Phaserr,1.642082345,0.1388707724040404,99,17.1874
p_2000.00_2000.00_0.00_2000.00_0.0800_10000.00_1.00_0.50.smt2,2000.0,2000.0,0.0,2000.0,0.08,10000.0,1.0,0.5,Phaserr,1.624504064,0.11993021331868128,91,12.7074
p_2000.00_2000.00_0.00_2000.00_0.0800_10000.00_1.00_1.00.smt2,2000.0,2000.0,0.0,2000.0,0.08,10000.0,1.0,1.0,Phaserr,1.637579201,0.12163848561538462,91,12.8662
p_2000.00_2000.00_0.00_2000.00_0.0800_110.00_0.50_0.50.smt2,2000.0,2000.0,0.0,2000.0,0.08,110.0,0.5,0.5,Phaserr,1.677902633,0.137567679969697,99,17.0928
p_2000.00_2000.00_0.00_2000.00_0.0800_110.00_0.50_1.00.smt2,2000.0,2000.0,0.0,2000.0,0.08,110.0,0.5,1.0,Phaserr,1.621755287,0.1383584774242424,99,15.4865
p_2000.00_2000.00_0.00_2000.00_0.0800_110.00_1.00_0.50.smt2,2000.0,2000.0,0.0,2000.0,0.08,110.0,1.0,0.5,Phaserr,1.715307498,0.12177011515384614,91,14.4577
p_2000.00_2000.00_0.00_2000.00_0.0800_110.00_1.00_1.00.smt2,2000.0,2000.0,0.0,2000.0,0.08,110.0,1.0,1.0,Phaserr,1.666100811,0.1193111510879121,91,12.6803
p_2000.00_2000.00_0.00_2000.00_0.0800_2582.50_0.50_0.50.smt2,2000.0,2000.0,0.0,2000.0,0.08,2582.5,0.5,0.5,Phaserr,1.662337297,0.1378514693939394,99,17.1605
p_2000.00_2000.00_0.00_2000.00_0.0800_2582.50_0.50_1.00.smt2,2000.0,2000.0,0.0,2000.0,0.08,2582.5,0.5,1.0,Phaserr,1.634185176,0.1354692766464646,99,15.2099
p_2000.00_2000.00_0.00_2000.00_0.0800_2582.50_1.00_0.50.smt2,2000.0,2000.0,0.0,2000.0,0.08,2582.5,1.0,0.5,Phaserr,1.674377017,0.12339302784615383,91,14.6853
p_2000.00_2000.00_0.00_2000.00_0.0800_2582.50_1.00_1.00.smt2,2000.0,2000.0,0.0,2000.0,0.08,2582.5,1.0,1.0,Phaserr,1.637103768,0.12007932425274724,91,12.7343
p_2000.00_2000.00_0.00_2000.00_0.0800_5055.00_0.50_0.50.smt2,2000.0,2000.0,0.0,2000.0,0.08,5055.0,0.5,0.5,Phaserr,1.629921197,0.1355521309090909,99,15.2131
p_2000.00_2000.00_0.00_2000.00_0.0800_5055.00_0.50_1.00.smt2,2000.0,2000.0,0.0,2000.0,0.08,5055.0,0.5,1.0,Phaserr,1.80556261,0.14233952785858583,99,17.6926
p_2000.00_2000.00_0.00_2000.00_0.0800_5055.00_1.00_0.50.smt2,2000.0,2000.0,0.0,2000.0,0.08,5055.0,1.0,0.5,Phaserr,1.675585221,0.12164683279120879,91,12.8971
p_2000.00_2000.00_0.00_2000.00_0.0800_5055.00_1.00_1.00.smt2,2000.0,2000.0,0.0,2000.0,0.08,5055.0,1.0,1.0,Phaserr,1.631357909,0.12203943784615386,91,14.4859
p_2000.00_2000.00_0.00_2000.00_0.0800_7527.50_0.50_0.50.smt2,2000.0,2000.0,0.0,2000.0,0.08,7527.5,0.5,0.5,Phaserr,1.663693306,0.13515145037373735,99,15.207
p_2000.00_2000.00_0.00_2000.00_0.0800_7527.50_0.50_1.00.smt2,2000.0,2000.0,0.0,2000.0,0.08,7527.5,0.5,1.0,Phaserr,1.664219851,0.13822972931313132,99,17.1267
p_2000.00_2000.00_0.00_2000.00_0.0800_7527.50_1.00_0.50.smt2,2000.0,2000.0,0.0,2000.0,0.08,7527.5,1.0,0.5,Phaserr,1.660895572,0.11716354036263735,91,12.4967
p_2000.00_2000.00_0.00_2000.00_0.0800_7527.50_1.00_1.00.smt2,2000.0,2000.0,0.0,2000.0,0.08,7527.5,1.0,1.0,Phaserr,1.660103487,0.12134781927472528,91,12.863
p_2000.00_2000.00_0.00_2000.00_0.1000_10000.00_0.50_0.50.smt2,2000.0,2000.0,0.0,2000.0,0.1,10000.0,0.5,0.5,Phaserr,1.718657693,0.08644276121794874,78,10.2502
p_2000.00_2000.00_0.00_2000.00_0.1000_10000.00_0.50_1.00.smt2,2000.0,2000.0,0.0,2000.0,0.1,10000.0,0.5,1.0,Phaserr,1.584516471,0.08507825374358975,78,8.389
p_2000.00_2000.00_0.00_2000.00_0.1000_10000.00_1.00_0.50.smt2,2000.0,2000.0,0.0,2000.0,0.1,10000.0,1.0,0.5,Phaserr,1.607074432,0.07837781627777776,72,7.4148
p_2000.00_2000.00_0.00_2000.00_0.1000_10000.00_1.00_1.00.smt2,2000.0,2000.0,0.0,2000.0,0.1,10000.0,1.0,1.0,Phaserr,1.636803016,0.07828276259722221,72,7.4291
p_2000.00_2000.00_0.00_2000.00_0.1000_110.00_0.50_0.50.smt2,2000.0,2000.0,0.0,2000.0,0.1,110.0,0.5,0.5,Phaserr,1.611497731,0.08788639093589747,78,10.3827
p_2000.00_2000.00_0.00_2000.00_0.1000_110.00_0.50_1.00.smt2,2000.0,2000.0,0.0,2000.0,0.1,110.0,0.5,1.0,Phaserr,1.579916645,0.08624506835897437,78,8.4731
p_2000.00_2000.00_0.00_2000.00_0.1000_110.00_1.00_0.50.smt2,2000.0,2000.0,0.0,2000.0,0.1,110.0,1.0,0.5,Phaserr,1.64034497,0.07854715231944447,72,7.4701
p_2000.00_2000.00_0.00_2000.00_0.1000_110.00_1.00_1.00.smt2,2000.0,2000.0,0.0,2000.0,0.1,110.0,1.0,1.0,Phaserr,1.623125561,0.07742725744444447,72,7.357
p_2000.00_2000.00_0.00_2000.00_0.1000_2582.50_0.50_0.50.smt2,2000.0,2000.0,0.0,2000.0,0.1,2582.5,0.5,0.5,Phaserr,1.562655826,0.08814198420512821,78,10.1932
p_2000.00_2000.00_0.00_2000.00_0.1000_2582.50_0.50_1.00.smt2,2000.0,2000.0,0.0,2000.0,0.1,2582.5,0.5,1.0,Phaserr,1.596725052,0.0875721677179487,78,8.591
p_2000.00_2000.00_0.00_2000.00_0.1000_2582.50_1.00_0.50.smt2,2000.0,2000.0,0.0,2000.0,0.1,2582.5,1.0,0.5,Phaserr,1.648595608,0.07768495019444444,72,7.3982
p_2000.00_2000.00_0.00_2000.00_0.1000_2582.50_1.00_1.00.smt2,2000.0,2000.0,0.0,2000.0,0.1,2582.5,1.0,1.0,Phaserr,1.570036534,0.07737809383333333,72,7.302
p_2000.00_2000.00_0.00_2000.00_0.1000_5055.00_0.50_0.50.smt2,2000.0,2000.0,0.0,2000.0,0.1,5055.0,0.5,0.5,Phaserr,1.57083726,0.08748954837179489,78,10.1547
p_2000.00_2000.00_0.00_2000.00_0.1000_5055.00_0.50_1.00.smt2,2000.0,2000.0,0.0,2000.0,0.1,5055.0,0.5,1.0,Phaserr,1.591599888,0.08674973726923077,78,8.5093
p_2000.00_2000.00_0.00_2000.00_0.1000_5055.00_1.00_0.50.smt2,2000.0,2000.0,0.0,2000.0,0.1,5055.0,1.0,0.5,Phaserr,1.663715462,0.07841380568055553,72,7.4715
p_2000.00_2000.00_0.00_2000.00_0.1000_5055.00_1.00_1.00.smt2,2000.0,2000.0,0.0,2000.0,0.1,5055.0,1.0,1.0,Phaserr,1.557950422,0.077674189875,72,7.3203
p_2000.00_2000.00_0.00_2000.00_0.1000_7527.50_0.50_0.50.smt2,2000.0,2000.0,0.0,2000.0,0.1,7527.5,0.5,0.5,Phaserr,1.621747856,0.08704180716666665,78,10.1733
p_2000.00_2000.00_0.00_2000.00_0.1000_7527.50_0.50_1.00.smt2,2000.0,2000.0,0.0,2000.0,0.1,7527.5,0.5,1.0,Phaserr,1.631817385,0.08795079376923076,78,8.6476
p_2000.00_2000.00_0.00_2000.00_0.1000_7527.50_1.00_0.50.smt2,2000.0,2000.0,0.0,2000.0,0.1,7527.5,1.0,0.5,Phaserr,1.62468127,0.0791485184861111,72,7.4814
p_2000.00_2000.00_0.00_2000.00_0.1000_7527.50_1.00_1.00.smt2,2000.0,2000.0,0.0,2000.0,0.1,7527.5,1.0,1.0,Phaserr,1.572069419,0.07742641362499997,72,7.3113
p_2000.00_2000.00_0.00_2000.00_0.1200_10000.00_0.50_0.50.smt2,2000.0,2000.0,0.0,2000.0,0.12,10000.0,0.5,0.5,Phaserr,1.613078217,0.07214667262499999,64,7.9835
p_2000.00_2000.00_0.00_2000.00_0.1200_10000.00_0.50_1.00.smt2,2000.0,2000.0,0.0,2000.0,0.12,10000.0,0.5,1.0,Phaserr,1.657472556,0.07029517271874998,64,6.3206
p_2000.00_2000.00_0.00_2000.00_0.1200_10000.00_1.00_0.50.smt2,2000.0,2000.0,0.0,2000.0,0.12,10000.0,1.0,0.5,Phaserr,1.608651408,0.06354573732203389,59,5.5211
p_2000.00_2000.00_0.00_2000.00_0.1200_10000.00_1.00_1.00.smt2,2000.0,2000.0,0.0,2000.0,0.12,10000.0,1.0,1.0,Phaserr,1.581662736,0.06398253079661018,59,5.5178
p_2000.00_2000.00_0.00_2000.00_0.1200_110.00_0.50_0.50.smt2,2000.0,2000.0,0.0,2000.0,0.12,110.0,0.5,0.5,Phaserr,1.584195663,0.07216873957812502,64,6.365
p_2000.00_2000.00_0.00_2000.00_0.1200_110.00_0.50_1.00.smt2,2000.0,2000.0,0.0,2000.0,0.12,110.0,0.5,1.0,Phaserr,1.605812081,0.07135517721875001,64,7.9371
p_2000.00_2000.00_0.00_2000.00_0.1200_110.00_1.00_0.50.smt2,2000.0,2000.0,0.0,2000.0,0.12,110.0,1.0,0.5,Phaserr,1.657503081,0.0629976299322034,59,5.5289
p_2000.00_2000.00_0.00_2000.00_0.1200_110.00_1.00_1.00.smt2,2000.0,2000.0,0.0,2000.0,0.12,110.0,1.0,1.0,Phaserr,1.665378704,0.06392180467796611,59,5.599
p_2000.00_2000.00_0.00_2000.00_0.1200_2582.50_0.50_0.50.smt2,2000.0,2000.0,0.0,2000.0,0.12,2582.5,0.5,0.5,Phaserr,1.684933598,0.072702311375,64,6.4904
p_2000.00_2000.00_0.00_2000.00_0.1200_2582.50_0.50_1.00.smt2,2000.0,2000.0,0.0,2000.0,0.12,2582.5,0.5,1.0,Phaserr,1.651034587,0.06933879901562498,64,6.249
p_2000.00_2000.00_0.00_2000.00_0.1200_2582.50_1.00_0.50.smt2,2000.0,2000.0,0.0,2000.0,0.12,2582.5,1.0,0.5,Phaserr,1.553524824,0.06392626408474576,59,5.4834
p_2000.00_2000.00_0.00_2000.00_0.1200_2582.50_1.00_1.00.smt2,2000.0,2000.0,0.0,2000.0,0.12,2582.5,1.0,1.0,Phaserr,1.647243526,0.0643058910338983,59,7.2039
p_2000.00_2000.00_0.00_2000.00_0.1200_5055.00_0.50_0.50.smt2,2000.0,2000.0,0.0,2000.0,0.12,5055.0,0.5,0.5,Phaserr,1.57631543,0.07233544209375,64,6.362
p_2000.00_2000.00_0.00_2000.00_0.1200_5055.00_0.50_1.00.smt2,2000.0,2000.0,0.0,2000.0,0.12,5055.0,0.5,1.0,Phaserr,1.659016132,0.07016321321874998,64,6.3102
p_2000.00_2000.00_0.00_2000.00_0.1200_5055.00_1.00_0.50.smt2,2000.0,2000.0,0.0,2000.0,0.12,5055.0,1.0,0.5,Phaserr,1.613820171,0.06402048808474577,59,5.5555
p_2000.00_2000.00_0.00_2000.00_0.1200_5055.00_1.00_1.00.smt2,2000.0,2000.0,0.0,2000.0,0.12,5055.0,1.0,1.0,Phaserr,1.640580849,0.06436923144067798,59,5.5974
p_2000.00_2000.00_0.00_2000.00_0.1200_7527.50_0.50_0.50.smt2,2000.0,2000.0,0.0,2000.0,0.12,7527.5,0.5,0.5,Phaserr,1.5899637,0.072517874828125,64,7.9925
p_2000.00_2000.00_0.00_2000.00_0.1200_7527.50_0.50_1.00.smt2,2000.0,2000.0,0.0,2000.0,0.12,7527.5,0.5,1.0,Phaserr,1.600615746,0.07060813132812498,64,6.2792
p_2000.00_2000.00_0.00_2000.00_0.1200_7527.50_1.00_0.50.smt2,2000.0,2000.0,0.0,2000.0,0.12,7527.5,1.0,0.5,Phaserr,1.709868932,0.06308431633898305,59,5.5959
p_2000.00_2000.00_0.00_2000.00_0.1200_7527.50_1.00_1.00.smt2,2000.0,2000.0,0.0,2000.0,0.12,7527.5,1.0,1.0,Phaserr,1.652105556,0.06315584967796609,59,5.5313
p_2000.00_4000.00_0.00_2000.00_0.0800_10000.00_0.50_0.50.smt2,2000.0,4000.0,0.0,2000.0,0.08,10000.0,0.5,0.5,Phaserr,1.670212696,0.156179028682243,107,20.1241
p_2000.00_4000.00_0.00_2000.00_0.0800_10000.00_0.50_1.00.smt2,2000.0,4000.0,0.0,2000.0,0.08,10000.0,0.5,1.0,Phaserr,1.70804578,0.158074474588785,107,18.7882
p_2000.00_4000.00_0.00_2000.00_0.0800_10000.00_1.00_0.50.smt2,2000.0,4000.0,0.0,2000.0,0.08,10000.0,1.0,0.5,Phaserr,1.673082992,0.13899936383838382,99,17.2112
p_2000.00_4000.00_0.00_2000.00_0.0800_10000.00_1.00_1.00.smt2,2000.0,4000.0,0.0,2000.0,0.08,10000.0,1.0,1.0,Phaserr,1.63737737,0.14093789320202021,99,15.7551
p_2000.00_4000.00_0.00_2000.00_0.0800_110.00_0.50_0.50.smt2,2000.0,4000.0,0.0,2000.0,0.08,110.0,0.5,0.5,Phaserr,1.692159818,0.15610464723364495,107,20.1894
p_2000.00_4000.00_0.00_2000.00_0.0800_110.00_0.50_1.00.smt2,2000.0,4000.0,0.0,2000.0,0.08,110.0,0.5,1.0,Phaserr,1.659788107,0.15878927707476634,107,18.813
p_2000.00_4000.00_0.00_2000.00_0.0800_110.00_1.00_0.50.smt2,2000.0,4000.0,0.0,2000.0,0.08,110.0,1.0,0.5,Phaserr,1.657585586,0.13831250448484844,99,17.1057
p_2000.00_4000.00_0.00_2000.00_0.0800_110.00_1.00_1.00.smt2,2000.0,4000.0,0.0,2000.0,0.08,110.0,1.0,1.0,Phaserr,1.612335437,0.1402031224343434,99,15.6578
p_2000.00_4000.00_0.00_2000.00_0.0800_2582.50_0.50_0.50.smt2,2000.0,4000.0,0.0,2000.0,0.08,2582.5,0.5,0.5,Phaserr,1.73643133,0.1569918055233645,107,20.306
p_2000.00_4000.00_0.00_2000.00_0.0800_2582.50_0.50_1.00.smt2,2000.0,4000.0,0.0,2000.0,0.08,2582.5,0.5,1.0,Phaserr,1.667395247,0.15760239757009345,107,20.2912
p_2000.00_4000.00_0.00_2000.00_0.0800_2582.50_1.00_0.50.smt2,2000.0,4000.0,0.0,2000.0,0.08,2582.5,1.0,0.5,Phaserr,1.65765146,0.1382941264545455,99,15.5165
p_2000.00_4000.00_0.00_2000.00_0.0800_2582.50_1.00_1.00.smt2,2000.0,4000.0,0.0,2000.0,0.08,2582.5,1.0,1.0,Phaserr,1.650989637,0.14214431201010103,99,15.8918
p_2000.00_4000.00_0.00_2000.00_0.0800_5055.00_0.50_0.50.smt2,2000.0,4000.0,0.0,2000.0,0.08,5055.0,0.5,0.5,Phaserr,1.655667471,0.15826818124299064,107,20.3618
p_2000.00_4000.00_0.00_2000.00_0.0800_5055.00_0.50_1.00.smt2,2000.0,4000.0,0.0,2000.0,0.08,5055.0,0.5,1.0,Phaserr,1.730327683,0.15803590646728968,107,20.4015
p_2000.00_4000.00_0.00_2000.00_0.0800_5055.00_1.00_0.50.smt2,2000.0,4000.0,0.0,2000.0,0.08,5055.0,1.0,0.5,Phaserr,1.617367322,0.13785708392929294,99,15.4236
p_2000.00_4000.00_0.00_2000.00_0.0800_5055.00_1.00_1.00.smt2,2000.0,4000.0,0.0,2000.0,0.08,5055.0,1.0,1.0,Phaserr,1.669978084,0.1377969208989899,99,17.0928
p_2000.00_4000.00_0.00_2000.00_0.0800_7527.50_0.50_0.50.smt2,2000.0,4000.0,0.0,2000.0,0.08,7527.5,0.5,0.5,Phaserr,1.665359969,0.15685838608411215,107,18.6179
p_2000.00_4000.00_0.00_2000.00_0.0800_7527.50_0.50_1.00.smt2,2000.0,4000.0,0.0,2000.0,0.08,7527.5,0.5,1.0,Phaserr,1.669749874,0.159802830457944,107,20.5827
p_2000.00_4000.00_0.00_2000.00_0.0800_7527.50_1.00_0.50.smt2,2000.0,4000.0,0.0,2000.0,0.08,7527.5,1.0,0.5,Phaserr,1.732167178,0.13785565802020203,99,15.5453
p_2000.00_4000.00_0.00_2000.00_0.0800_7527.50_1.00_1.00.smt2,2000.0,4000.0,0.0,2000.0,0.08,7527.5,1.0,1.0,Phaserr,1.660801031,0.13881966653535355,99,17.1644
p_2000.00_4000.00_0.00_2000.00_0.1000_10000.00_0.50_0.50.smt2,2000.0,4000.0,0.0,2000.0,0.1,10000.0,0.5,0.5,Phaserr,1.714447392,0.09769877743529412,85,10.1871
p_2000.00_4000.00_0.00_2000.00_0.1000_10000.00_0.50_1.00.smt2,2000.0,4000.0,0.0,2000.0,0.1,10000.0,0.5,1.0,Phaserr,1.651466092,0.09779040010588234,85,10.1265
p_2000.00_4000.00_0.00_2000.00_0.1000_10000.00_1.00_0.50.smt2,2000.0,4000.0,0.0,2000.0,0.1,10000.0,1.0,0.5,Phaserr,1.652397978,0.08847610862820512,78,10.349
p_2000.00_4000.00_0.00_2000.00_0.1000_10000.00_1.00_1.00.smt2,2000.0,4000.0,0.0,2000.0,0.1,10000.0,1.0,1.0,Phaserr,1.663714622,0.08736280229487181,78,8.6424
p_2000.00_4000.00_0.00_2000.00_0.1000_110.00_0.50_0.50.smt2,2000.0,4000.0,0.0,2000.0,0.1,110.0,0.5,0.5,Phaserr,1.626504046,0.09855752177647059,85,10.1669
p_2000.00_4000.00_0.00_2000.00_0.1000_110.00_0.50_1.00.smt2,2000.0,4000.0,0.0,2000.0,0.1,110.0,0.5,1.0,Phaserr,1.662731736,0.09819602317647058,85,11.8109
p_2000.00_4000.00_0.00_2000.00_0.1000_110.00_1.00_0.50.smt2,2000.0,4000.0,0.0,2000.0,0.1,110.0,1.0,0.5,Phaserr,1.654270732,0.08725838767948717,78,8.6232
p_2000.00_4000.00_0.00_2000.00_0.1000_110.00_1.00_1.00.smt2,2000.0,4000.0,0.0,2000.0,0.1,110.0,1.0,1.0,Phaserr,1.591893782,0.08679040894871796,78,8.5199
p_2000.00_4000.00_0.00_2000.00_0.1000_2582.50_0.50_0.50.smt2,2000.0,4000.0,0.0,2000.0,0.1,2582.5,0.5,0.5,Phaserr,1.725728636,0.09867054425882356,85,10.2671
p_2000.00_4000.00_0.00_2000.00_0.1000_2582.50_0.50_1.00.smt2,2000.0,4000.0,0.0,2000.0,0.1,2582.5,0.5,1.0,Phaserr,1.665031398,0.09870420047058823,85,11.8311
p_2000.00_4000.00_0.00_2000.00_0.1000_2582.50_1.00_0.50.smt2,2000.0,4000.0,0.0,2000.0,0.1,2582.5,1.0,0.5,Phaserr,1.708922186,0.08401560734615383,78,8.4235
p_2000.00_4000.00_0.00_2000.00_0.1000_2582.50_1.00_1.00.smt2,2000.0,4000.0,0.0,2000.0,0.1,2582.5,1.0,1.0,Phaserr,1.571114949,0.086411742474359,78,8.5049
p_2000.00_4000.00_0.00_2000.00_0.1000_5055.00_0.50_0.50.smt2,2000.0,4000.0,0.0,2000.0,0.1,5055.0,0.5,0.5,Phaserr,1.659652763,0.0992977198352941,85,11.9355
p_2000.00_4000.00_0.00_2000.00_0.1000_5055.00_0.50_1.00.smt2,2000.0,4000.0,0.0,2000.0,0.1,5055.0,0.5,1.0,Phaserr,1.654669666,0.09822090136470586,85,10.1609
p_2000.00_4000.00_0.00_2000.00_0.1000_5055.00_1.00_0.50.smt2,2000.0,4000.0,0.0,2000.0,0.1,5055.0,1.0,0.5,Phaserr,1.597186299,0.08733448521794869,78,8.5623
p_2000.00_4000.00_0.00_2000.00_0.1000_5055.00_1.00_1.00.smt2,2000.0,4000.0,0.0,2000.0,0.1,5055.0,1.0,1.0,Phaserr,1.563557794,0.0887057123461538,78,8.6468
p_2000.00_4000.00_0.00_2000.00_0.1000_7527.50_0.50_0.50.smt2,2000.0,4000.0,0.0,2000.0,0.1,7527.5,0.5,0.5,Phaserr,1.652069954,0.10023668541176473,85,11.9726
p_2000.00_4000.00_0.00_2000.00_0.1000_7527.50_0.50_1.00.smt2,2000.0,4000.0,0.0,2000.0,0.1,7527.5,0.5,1.0,Phaserr,1.627021727,0.09683935289411763,85,10.0209
p_2000.00_4000.00_0.00_2000.00_0.1000_7527.50_1.00_0.50.smt2,2000.0,4000.0,0.0,2000.0,0.1,7527.5,1.0,0.5,Phaserr,1.640344551,0.08434050198717949,78,8.3721
p_2000.00_4000.00_0.00_2000.00_0.1000_7527.50_1.00_1.00.smt2,2000.0,4000.0,0.0,2000.0,0.1,7527.5,1.0,1.0,Phaserr,1.697049964,0.08740242457692309,78,10.3065
p_2000.00_4000.00_0.00_2000.00_0.1200_10000.00_0.50_0.50.smt2,2000.0,4000.0,0.0,2000.0,0.12,10000.0,0.5,0.5,Phaserr,1.648994895,0.0804631630857143,70,7.4469
p_2000.00_4000.00_0.00_2000.00_0.1200_10000.00_0.50_1.00.smt2,2000.0,4000.0,0.0,2000.0,0.12,10000.0,0.5,1.0,Phaserr,1.594387823,0.07974208051428572,70,7.3363
p_2000.00_4000.00_0.00_2000.00_0.1200_10000.00_1.00_0.50.smt2,2000.0,4000.0,0.0,2000.0,0.12,10000.0,1.0,0.5,Phaserr,1.589424307,0.0697026025,64,6.2089
p_2000.00_4000.00_0.00_2000.00_0.1200_10000.00_1.00_1.00.smt2,2000.0,4000.0,0.0,2000.0,0.12,10000.0,1.0,1.0,Phaserr,1.604250558,0.07135926276562497,64,6.3227
p_2000.00_4000.00_0.00_2000.00_0.1200_110.00_0.50_0.50.smt2,2000.0,4000.0,0.0,2000.0,0.12,110.0,0.5,0.5,Phaserr,1.589797093,0.08461094114285712,70,9.3748
p_2000.00_4000.00_0.00_2000.00_0.1200_110.00_0.50_1.00.smt2,2000.0,4000.0,0.0,2000.0,0.12,110.0,0.5,1.0,Phaserr,1.550259931,0.07759848497142859,70,7.1358
p_2000.00_4000.00_0.00_2000.00_0.1200_110.00_1.00_0.50.smt2,2000.0,4000.0,0.0,2000.0,0.12,110.0,1.0,0.5,Phaserr,1.576990295,0.06989155987500001,64,6.2008
p_2000.00_4000.00_0.00_2000.00_0.1200_110.00_1.00_1.00.smt2,2000.0,4000.0,0.0,2000.0,0.12,110.0,1.0,1.0,Phaserr,1.617816553,0.07071512598437499,64,6.3018
p_2000.00_4000.00_0.00_2000.00_0.1200_2582.50_0.50_0.50.smt2,2000.0,4000.0,0.0,2000.0,0.12,2582.5,0.5,0.5,Phaserr,1.650120651,0.08117320869999997,70,7.4966
p_2000.00_4000.00_0.00_2000.00_0.1200_2582.50_0.50_1.00.smt2,2000.0,4000.0,0.0,2000.0,0.12,2582.5,0.5,1.0,Phaserr,1.62488917,0.08025644978571429,70,9.1126
p_2000.00_4000.00_0.00_2000.00_0.1200_2582.50_1.00_0.50.smt2,2000.0,4000.0,0.0,2000.0,0.12,2582.5,1.0,0.5,Phaserr,1.66217705,0.07075206399999999,64,6.3534
p_2000.00_4000.00_0.00_2000.00_0.1200_2582.50_1.00_1.00.smt2,2000.0,4000.0,0.0,2000.0,0.12,2582.5,1.0,1.0,Phaserr,1.603823912,0.06972065851562499,64,6.2349
p_2000.00_4000.00_0.00_2000.00_0.1200_5055.00_0.50_0.50.smt2,2000.0,4000.0,0.0,2000.0,0.12,5055.0,0.5,0.5,Phaserr,1.559030683,0.08088101839999999,70,7.3801
p_2000.00_4000.00_0.00_2000.00_0.1200_5055.00_0.50_1.00.smt2,2000.0,4000.0,0.0,2000.0,0.12,5055.0,0.5,1.0,Phaserr,1.57335168,0.0822163584,70,9.213
p_2000.00_4000.00_0.00_2000.00_0.1200_5055.00_1.00_0.50.smt2,2000.0,4000.0,0.0,2000.0,0.12,5055.0,1.0,0.5,Phaserr,1.601121052,0.07165389576562498,64,6.3473
p_2000.00_4000.00_0.00_2000.00_0.1200_5055.00_1.00_1.00.smt2,2000.0,4000.0,0.0,2000.0,0.12,5055.0,1.0,1.0,Phaserr,1.566551258,0.07371786935937502,64,6.4505
p_2000.00_4000.00_0.00_2000.00_0.1200_7527.50_0.50_0.50.smt2,2000.0,4000.0,0.0,2000.0,0.12,7527.5,0.5,0.5,Phaserr,1.566434883,0.07948083387142856,70,7.2882
p_2000.00_4000.00_0.00_2000.00_0.1200_7527.50_0.50_1.00.smt2,2000.0,4000.0,0.0,2000.0,0.12,7527.5,0.5,1.0,Phaserr,1.579951705,0.08042269641428572,70,7.376
p_2000.00_4000.00_0.00_2000.00_0.1200_7527.50_1.00_0.50.smt2,2000.0,4000.0,0.0,2000.0,0.12,7527.5,1.0,0.5,Phaserr,1.600427048,0.073298878234375,64,8.0506
p_2000.00_4000.00_0.00_2000.00_0.1200_7527.50_1.00_1.00.smt2,2000.0,4000.0,0.0,2000.0,0.12,7527.5,1.0,1.0,Phaserr,1.659605412,0.07047734448437501,64,6.3376
