Group_ID,Tool,Matched_Variant_Count,Group_Mean_Avg_Iteration_Runtime,Fastest_Param_1,Fastest_Param_2,Fastest_Avg_Iteration_Runtime,Slowest_Param_1,Slowest_Param_2,Slowest_Avg_Iteration_Runtime,Runtime_Range,Slowdown_Percentage_Slowest_vs_Fastest,Param_3,Param_4,Param_5,Param_6,Param_7,Param_8,Filename__P1_0__P2_2000,RowCount__P1_0__P2_2000,AvgIter__P1_0__P2_2000,DeltaFromGroupMean__P1_0__P2_2000,DeltaFromFastest__P1_0__P2_2000,PctDeltaFromFastest__P1_0__P2_2000,PctDeltaFromGroupMean__P1_0__P2_2000,Filename__P1_0__P2_4000,RowCount__P1_0__P2_4000,AvgIter__P1_0__P2_4000,DeltaFromGroupMean__P1_0__P2_4000,DeltaFromFastest__P1_0__P2_4000,PctDeltaFromFastest__P1_0__P2_4000,PctDeltaFromGroupMean__P1_0__P2_4000,Filename__P1_2000__P2_2000,RowCount__P1_2000__P2_2000,AvgIter__P1_2000__P2_2000,DeltaFromGroupMean__P1_2000__P2_2000,DeltaFromFastest__P1_2000__P2_2000,PctDeltaFromFastest__P1_2000__P2_2000,PctDeltaFromGroupMean__P1_2000__P2_2000,Filename__P1_2000__P2_4000,RowCount__P1_2000__P2_4000,AvgIter__P1_2000__P2_4000,DeltaFromGroupMean__P1_2000__P2_4000,DeltaFromFastest__P1_2000__P2_4000,PctDeltaFromFastest__P1_2000__P2_4000,PctDeltaFromGroupMean__P1_2000__P2_4000
1,Phaserr,4,0.14791656975767017,2000.0,2000.0,0.137567679969697,0.0,4000.0,0.15804443726168219,0.020476757291985198,14.88486052573959,0.0,2000.0,0.08,110.0,0.5,0.5,p_0.00_2000.00_0.00_2000.00_0.0800_110.00_0.50_0.50.smt2,1,0.13994951456565657,-0.0079670551920136,0.0023818345959595866,1.7313911207081853,-5.386181686788658,p_0.00_4000.00_0.00_2000.00_0.0800_110.00_0.50_0.50.smt2,1,0.15804443726168219,0.010127867504012011,0.020476757291985198,14.88486052573959,6.847013502682199,p_2000.00_2000.00_0.00_2000.00_0.0800_110.00_0.50_0.50.smt2,1,0.137567679969697,-0.010348889787973187,0.0,0.0,-6.9964371164959,p_2000.00_4000.00_0.00_2000.00_0.0800_110.00_0.50_0.50.smt2,1,0.15610464723364495,0.008188077475974775,0.018536967263947962,13.47479819971612,5.5356053006023584
2,Phaserr,4,0.14800012608944585,0.0,2000.0,0.1364099651111111,2000.0,4000.0,0.15878927707476634,0.022379311963655252,16.405921624147073,0.0,2000.0,0.08,110.0,0.5,1.0,p_0.00_2000.00_0.00_2000.00_0.0800_110.00_0.50_1.00.smt2,1,0.1364099651111111,-0.011590160978334763,0.0,0.0,-7.831183178404926,p_0.00_4000.00_0.00_2000.00_0.0800_110.00_0.50_1.00.smt2,1,0.1584427847476636,0.010442658658217752,0.022032819636552514,16.151913548695614,7.055844433474734,p_2000.00_2000.00_0.00_2000.00_0.0800_110.00_0.50_1.00.smt2,1,0.1383584774242424,-0.00964164866520345,0.001948512313131312,1.4284237310259371,-6.514621926319436,p_2000.00_4000.00_0.00_2000.00_0.0800_110.00_0.50_1.00.smt2,1,0.15878927707476634,0.01078915098532049,0.022379311963655252,16.405921624147073,7.289960671249646
3,Phaserr,4,0.1342568242253302,2000.0,2000.0,0.12177011515384614,0.0,4000.0,0.13853255751515153,0.01676244236130539,13.765645487094657,0.0,2000.0,0.08,110.0,1.0,0.5,p_0.00_2000.00_0.00_2000.00_0.0800_110.00_1.00_0.50.smt2,1,0.13841211974747472,0.004155295522144525,0.01664200459362858,13.666739636899273,3.095034867777356,p_0.00_4000.00_0.00_2000.00_0.0800_110.00_1.00_0.50.smt2,1,0.13853255751515153,0.004275733289821337,0.01676244236130539,13.765645487094657,3.1847418665625162,p_2000.00_2000.00_0.00_2000.00_0.0800_110.00_1.00_0.50.smt2,1,0.12177011515384614,-0.012486709071484053,0.0,0.0,-9.300614060799592,p_2000.00_4000.00_0.00_2000.00_0.0800_110.00_1.00_0.50.smt2,1,0.13831250448484844,0.004055680259518246,0.0165423893310023,13.58493363507327,3.0208373264597617
4,Phaserr,4,0.129368350531635,2000.0,2000.0,0.1193111510879121,2000.0,4000.0,0.1402031224343434,0.02089197134643131,17.510493491959917,0.0,2000.0,0.08,110.0,1.0,1.0,p_0.00_2000.00_0.00_2000.00_0.0800_110.00_1.00_1.00.smt2,1,0.12021001197802199,-0.009158338553613019,0.0008988608901098899,0.7533754237670389,-7.07927287932259,p_0.00_4000.00_0.00_2000.00_0.0800_110.00_1.00_1.00.smt2,1,0.13774911662626257,0.008380766094627567,0.018437965538350476,15.453681713928665,6.478219796563134,p_2000.00_2000.00_0.00_2000.00_0.0800_110.00_1.00_1.00.smt2,1,0.1193111510879121,-0.010057199443722908,0.0,0.0,-7.774080292740207,p_2000.00_4000.00_0.00_2000.00_0.0800_110.00_1.00_1.00.smt2,1,0.1402031224343434,0.010834771902708401,0.02089197134643131,17.510493491959917,8.375133375499695
5,Phaserr,4,0.14840097727992546,2000.0,2000.0,0.1378514693939394,0.0,4000.0,0.15989321049532712,0.022041741101387707,15.989485783716109,0.0,2000.0,0.08,2582.5,0.5,0.5,p_0.00_2000.00_0.00_2000.00_0.0800_2582.50_0.50_0.50.smt2,1,0.13886742370707075,-0.009533553572854708,0.0010159543131313398,0.7369920085712237,-6.424185168856253,p_0.00_4000.00_0.00_2000.00_0.0800_2582.50_0.50_0.50.smt2,1,0.15989321049532712,0.01149223321540166,0.022041741101387707,15.989485783716109,7.744041465255391,p_2000.00_2000.00_0.00_2000.00_0.0800_2582.50_0.50_0.50.smt2,1,0.1378514693939394,-0.010549507885986048,0.0,0.0,-7.108785992754445,p_2000.00_4000.00_0.00_2000.00_0.0800_2582.50_0.50_0.50.smt2,1,0.1569918055233645,0.008590828243439042,0.01914033612942509,13.88475307051503,5.78892969635527
6,Phaserr,4,0.14795070153787876,2000.0,2000.0,0.1354692766464646,2000.0,4000.0,0.15760239757009345,0.022133120923628846,16.338111099086955,0.0,2000.0,0.08,2582.5,0.5,1.0,p_0.00_2000.00_0.00_2000.00_0.0800_2582.50_0.50_1.00.smt2,1,0.1415581095050505,-0.00639259203282827,0.006088832858585885,4.494622699193979,-4.320758175784398,p_0.00_4000.00_0.00_2000.00_0.0800_2582.50_0.50_1.00.smt2,1,0.15717302242990652,0.009222320892027763,0.02170374578344192,16.021157210488678,6.233374222741782,p_2000.00_2000.00_0.00_2000.00_0.0800_2582.50_0.50_1.00.smt2,1,0.1354692766464646,-0.012481424891414156,0.0,0.0,-8.436205277619873,p_2000.00_4000.00_0.00_2000.00_0.0800_2582.50_0.50_1.00.smt2,1,0.15760239757009345,0.00965169603221469,0.022133120923628846,16.338111099086955,6.523589230662509
7,Phaserr,4,0.13443918443123545,2000.0,2000.0,0.12339302784615383,2000.0,4000.0,0.1382941264545455,0.014901098608391672,12.07612688374122,0.0,2000.0,0.08,2582.5,1.0,0.5,p_0.00_2000.00_0.00_2000.00_0.0800_2582.50_1.00_0.50.smt2,1,0.13825174022222228,0.003812555790986827,0.01485871237606845,12.041776294357783,2.8358962508709045,p_0.00_4000.00_0.00_2000.00_0.0800_2582.50_1.00_0.50.smt2,1,0.1378178432020202,0.003378658770784748,0.014424815355866372,11.69013809585028,2.513150302925933,p_2000.00_2000.00_0.00_2000.00_0.0800_2582.50_1.00_0.50.smt2,1,0.12339302784615383,-0.011046156585081623,0.0,0.0,-8.216470987840337,p_2000.00_4000.00_0.00_2000.00_0.0800_2582.50_1.00_0.50.smt2,1,0.1382941264545455,0.0038549420233100484,0.014901098608391672,12.07612688374122,2.8674244340434987
8,Phaserr,4,0.13083780729956154,2000.0,2000.0,0.12007932425274724,2000.0,4000.0,0.14214431201010103,0.022064987757353785,18.37534304482811,0.0,2000.0,0.08,2582.5,1.0,1.0,p_0.00_2000.00_0.00_2000.00_0.0800_2582.50_1.00_1.00.smt2,1,0.12149514245054946,-0.009342664849012083,0.0014158181978022183,1.1790690917132025,-7.14064614948908,p_0.00_4000.00_0.00_2000.00_0.0800_2582.50_1.00_1.00.smt2,1,0.13963245048484843,0.008794643185286888,0.01955312623210119,16.283507884292447,6.7217904112004785,p_2000.00_2000.00_0.00_2000.00_0.0800_2582.50_1.00_1.00.smt2,1,0.12007932425274724,-0.010758483046814302,0.0,0.0,-8.222763182038099,p_2000.00_4000.00_0.00_2000.00_0.0800_2582.50_1.00_1.00.smt2,1,0.14214431201010103,0.011306504710539483,0.022064987757353785,18.37534304482811,8.641618920326689
9,Phaserr,4,0.14745196070983196,2000.0,2000.0,0.1355521309090909,2000.0,4000.0,0.15826818124299064,0.02271605033389973,16.758165424293054,0.0,2000.0,0.08,5055.0,0.5,0.5,p_0.00_2000.00_0.00_2000.00_0.0800_5055.00_0.50_0.50.smt2,1,0.13919472219191922,-0.00825723851791274,0.003642591282828317,2.6872253932114494,-5.599951657585626,p_0.00_4000.00_0.00_2000.00_0.0800_5055.00_0.50_0.50.smt2,1,0.15679280849532706,0.009340847785495099,0.021240677586236156,15.669748194870786,6.334841354789973,p_2000.00_2000.00_0.00_2000.00_0.0800_5055.00_0.50_0.50.smt2,1,0.1355521309090909,-0.011899829800741057,0.0,0.0,-8.070309640818216,p_2000.00_4000.00_0.00_2000.00_0.0800_5055.00_0.50_0.50.smt2,1,0.15826818124299064,0.010816220533158671,0.02271605033389973,16.758165424293054,7.335419943613849
10,Phaserr,4,0.14937940234588878,0.0,2000.0,0.13736683464646463,0.0,4000.0,0.159775340411215,0.02240850576475037,16.31289373626627,0.0,2000.0,0.08,5055.0,0.5,1.0,p_0.00_2000.00_0.00_2000.00_0.0800_5055.00_0.50_1.00.smt2,1,0.13736683464646463,-0.01201256769942416,0.0,0.0,-8.041649324321835,p_0.00_4000.00_0.00_2000.00_0.0800_5055.00_0.50_1.00.smt2,1,0.159775340411215,0.01039593806532621,0.02240850576475037,16.31289373626627,6.959418703024639,p_2000.00_2000.00_0.00_2000.00_0.0800_5055.00_0.50_1.00.smt2,1,0.14233952785858583,-0.0070398744873029495,0.00497269321212121,3.6200100445782457,-4.712747793033797,p_2000.00_4000.00_0.00_2000.00_0.0800_5055.00_0.50_1.00.smt2,1,0.15803590646728968,0.008656504121400899,0.020669071820825058,15.046624517497397,5.794978414330992
11,Phaserr,4,0.13358853258921632,2000.0,2000.0,0.12164683279120879,0.0,2000.0,0.1378642477373737,0.016217414946164924,13.331555433095444,0.0,2000.0,0.08,5055.0,1.0,0.5,p_0.00_2000.00_0.00_2000.00_0.0800_5055.00_1.00_0.50.smt2,1,0.1378642477373737,0.0042757151481573885,0.016217414946164924,13.331555433095444,3.2006603151373616,p_0.00_4000.00_0.00_2000.00_0.0800_5055.00_1.00_0.50.smt2,1,0.13698596589898987,0.0033974333097735454,0.01533913310778108,12.609562251496294,2.5432072977555835,p_2000.00_2000.00_0.00_2000.00_0.0800_5055.00_1.00_0.50.smt2,1,0.12164683279120879,-0.011941699798007535,0.0,0.0,-8.939165335941048,p_2000.00_4000.00_0.00_2000.00_0.0800_5055.00_1.00_0.50.smt2,1,0.13785708392929294,0.004268551340076615,0.01621025113808415,13.325666411641782,3.195297723048113
12,Phaserr,4,0.1312610084499112,2000.0,2000.0,0.12203943784615386,2000.0,4000.0,0.1377969208989899,0.015757483052836044,12.911795834966352,0.0,2000.0,0.08,5055.0,1.0,1.0,p_0.00_2000.00_0.00_2000.00_0.0800_5055.00_1.00_1.00.smt2,1,0.12791422054945054,-0.003346787900460668,0.00587478270329668,4.813839531695145,-2.549719783493658,p_0.00_4000.00_0.00_2000.00_0.0800_5055.00_1.00_1.00.smt2,1,0.13729345450505048,0.006032446055139279,0.015254016658896627,12.499251822288992,4.595763910682769,p_2000.00_2000.00_0.00_2000.00_0.0800_5055.00_1.00_1.00.smt2,1,0.12203943784615386,-0.009221570603757348,0.0,0.0,-7.025369310092016,p_2000.00_4000.00_0.00_2000.00_0.0800_5055.00_1.00_1.00.smt2,1,0.1377969208989899,0.006535912449078696,0.015757483052836044,12.911795834966352,4.979325182902873
13,Phaserr,4,0.15475118302638535,2000.0,2000.0,0.13515145037373735,0.0,2000.0,0.16416829178787884,0.029016841414141487,21.469870529617374,0.0,2000.0,0.08,7527.5,0.5,0.5,p_0.00_2000.00_0.00_2000.00_0.0800_7527.50_0.50_0.50.smt2,1,0.16416829178787884,0.009417108761493487,0.029016841414141487,21.469870529617374,6.085322630385225,p_0.00_4000.00_0.00_2000.00_0.0800_7527.50_0.50_0.50.smt2,1,0.1628266038598131,0.008075420833427743,0.027675153486075743,20.477141317792018,5.2183257507316565,p_2000.00_2000.00_0.00_2000.00_0.0800_7527.50_0.50_0.50.smt2,1,0.13515145037373735,-0.019599732652648,0.0,0.0,-12.665320076620166,p_2000.00_4000.00_0.00_2000.00_0.0800_7527.50_0.50_0.50.smt2,1,0.15685838608411215,0.0021072030577267975,0.021706935710374797,16.061193313388884,1.3616716955033006
14,Phaserr,4,0.1536109095219957,2000.0,2000.0,0.13822972931313132,2000.0,4000.0,0.159802830457944,0.021573101144812673,15.606701432470583,0.0,2000.0,0.08,7527.5,0.5,1.0,p_0.00_2000.00_0.00_2000.00_0.0800_7527.50_0.50_1.00.smt2,1,0.15781999036363636,0.004209080841640678,0.019590261050505042,14.17224872525598,2.740092389751768,p_0.00_4000.00_0.00_2000.00_0.0800_7527.50_0.50_1.00.smt2,1,0.15859108795327104,0.0049801784312753505,0.020361358640139715,14.73008645919808,3.242073396201221,p_2000.00_2000.00_0.00_2000.00_0.0800_7527.50_0.50_1.00.smt2,1,0.13822972931313132,-0.015381180208864365,0.0,0.0,-10.013078014268197,p_2000.00_4000.00_0.00_2000.00_0.0800_7527.50_0.50_1.00.smt2,1,0.159802830457944,0.0061919209359483085,0.021573101144812673,15.606701432470583,4.0309122283151915
15,Phaserr,4,0.1377939747295482,2000.0,2000.0,0.11716354036263735,0.0,2000.0,0.15816088302020198,0.040997342657564634,34.99155328583636,0.0,2000.0,0.08,7527.5,1.0,0.5,p_0.00_2000.00_0.00_2000.00_0.0800_7527.50_1.00_0.50.smt2,1,0.15816088302020198,0.020366908290653768,0.040997342657564634,34.99155328583636,14.78069584002379,p_0.00_4000.00_0.00_2000.00_0.0800_7527.50_1.00_0.50.smt2,1,0.13799581751515147,0.00020184278560325675,0.020832277152514123,17.780511828197874,0.1464815758449662,p_2000.00_2000.00_0.00_2000.00_0.0800_7527.50_1.00_0.50.smt2,1,0.11716354036263735,-0.020630434366910866,0.0,0.0,-14.971942283690378,p_2000.00_4000.00_0.00_2000.00_0.0800_7527.50_1.00_0.50.smt2,1,0.13785565802020203,6.16832906538134e-05,0.02069211765756468,17.660884600721108,0.04476486782160162
16,Phaserr,4,0.13403072690817516,2000.0,2000.0,0.12134781927472528,2000.0,4000.0,0.13881966653535355,0.017471847260628268,14.398155125534556,0.0,2000.0,0.08,7527.5,1.0,1.0,p_0.00_2000.00_0.00_2000.00_0.0800_7527.50_1.00_1.00.smt2,1,0.13775707605494505,0.0037263491467698917,0.016409256780219775,13.522498284925957,2.780220053065014,p_0.00_4000.00_0.00_2000.00_0.0800_7527.50_1.00_1.00.smt2,1,0.1381983457676768,0.004167618859501648,0.01685052649295153,13.886138699207109,3.1094503145960672,p_2000.00_2000.00_0.00_2000.00_0.0800_7527.50_1.00_1.00.smt2,1,0.12134781927472528,-0.012682907633449883,0.0,0.0,-9.462686598826684,p_2000.00_4000.00_0.00_2000.00_0.0800_7527.50_1.00_1.00.smt2,1,0.13881966653535355,0.004788939627178385,0.017471847260628268,14.398155125534556,3.573016231165635
17,Phaserr,4,0.1543584339377891,2000.0,2000.0,0.1351571294949495,0.0,2000.0,0.16709870267676766,0.031941573181818145,23.63291770191947,0.0,2000.0,0.08,10000.0,0.5,0.5,p_0.00_2000.00_0.00_2000.00_0.0800_10000.00_0.50_0.50.smt2,1,0.16709870267676766,0.012740268738978544,0.031941573181818145,23.63291770191947,8.25369136882617,p_0.00_4000.00_0.00_2000.00_0.0800_10000.00_0.50_0.50.smt2,1,0.15899887489719627,0.0046404409594071605,0.02384174540224676,17.640020538567054,3.0062762629979725,p_2000.00_2000.00_0.00_2000.00_0.0800_10000.00_0.50_0.50.smt2,1,0.1351571294949495,-0.0192013044428396,0.0,0.0,-12.439426828195392,p_2000.00_4000.00_0.00_2000.00_0.0800_10000.00_0.50_0.50.smt2,1,0.156179028682243,0.0018205947444538961,0.021021899187293497,15.553673909654195,1.1794591963712513
18,Phaserr,4,0.14817367309355237,2000.0,2000.0,0.1388707724040404,2000.0,4000.0,0.158074474588785,0.019203702184744625,13.828469340454177,0.0,2000.0,0.08,10000.0,0.5,1.0,p_0.00_2000.00_0.00_2000.00_0.0800_10000.00_0.50_1.00.smt2,1,0.13901497410101013,-0.009158698992542236,0.0001442016969697424,0.1038387664109708,-6.181056864777666,p_0.00_4000.00_0.00_2000.00_0.0800_10000.00_0.50_1.00.smt2,1,0.1567344712803739,0.008560798186821539,0.017863698876333517,12.863541094420947,5.7775433436252275,p_2000.00_2000.00_0.00_2000.00_0.0800_10000.00_0.50_1.00.smt2,1,0.1388707724040404,-0.009302900689511978,0.0,0.0,-6.2783762427475285,p_2000.00_4000.00_0.00_2000.00_0.0800_10000.00_0.50_1.00.smt2,1,0.158074474588785,0.009900801495232647,0.019203702184744625,13.828469340454177,6.681889763899948
19,Phaserr,4,0.133761239786741,2000.0,2000.0,0.11993021331868128,0.0,2000.0,0.13916368405050503,0.019233470731823743,16.03721881217382,0.0,2000.0,0.08,10000.0,1.0,0.5,p_0.00_2000.00_0.00_2000.00_0.0800_10000.00_1.00_0.50.smt2,1,0.13916368405050503,0.005402444263764017,0.019233470731823743,16.03721881217382,4.038871254765037,p_0.00_4000.00_0.00_2000.00_0.0800_10000.00_1.00_0.50.smt2,1,0.13695169793939393,0.003190458152652925,0.01702148462071265,14.192824434892628,2.3851888317868126,p_2000.00_2000.00_0.00_2000.00_0.0800_10000.00_1.00_0.50.smt2,1,0.11993021331868128,-0.013831026468059726,0.0,0.0,-10.340085431408149,p_2000.00_4000.00_0.00_2000.00_0.0800_10000.00_1.00_0.50.smt2,1,0.13899936383838382,0.005238124051642812,0.019069150519702538,15.90020562127373,3.9160253448563185
20,Phaserr,4,0.13031594173093572,0.0,2000.0,0.12123433306593405,2000.0,4000.0,0.14093789320202021,0.019703560136086165,16.252458885034045,0.0,2000.0,0.08,10000.0,1.0,1.0,p_0.00_2000.00_0.00_2000.00_0.0800_10000.00_1.00_1.00.smt2,1,0.12123433306593405,-0.00908160866500167,0.0,0.0,-6.968916115997945,p_0.00_4000.00_0.00_2000.00_0.0800_10000.00_1.00_1.00.smt2,1,0.137453055040404,0.007137113309468285,0.016218721974469955,13.377994141023814,5.476776835334801,p_2000.00_2000.00_0.00_2000.00_0.0800_10000.00_1.00_1.00.smt2,1,0.12163848561538462,-0.008677456115551097,0.0004041525494505732,0.3333647649389652,-6.65878326188787,p_2000.00_4000.00_0.00_2000.00_0.0800_10000.00_1.00_1.00.smt2,1,0.14093789320202021,0.010621951471084495,0.019703560136086165,16.252458885034045,8.150922542551022
21,Phaserr,4,0.1003345105484163,2000.0,2000.0,0.08788639093589747,0.0,2000.0,0.1177300519871795,0.029843661051282028,33.957090208709765,0.0,2000.0,0.1,110.0,0.5,0.5,p_0.00_2000.00_0.00_2000.00_0.1000_110.00_0.50_0.50.smt2,1,0.1177300519871795,0.017395541438763193,0.029843661051282028,33.957090208709765,17.337545520161772,p_0.00_4000.00_0.00_2000.00_0.1000_110.00_0.50_0.50.smt2,1,0.09716407749411768,-0.0031704330542986214,0.009277686558220213,10.556454144290859,-3.1598629793173036,p_2000.00_2000.00_0.00_2000.00_0.1000_110.00_0.50_0.50.smt2,1,0.08788639093589747,-0.012448119612518835,0.0,0.0,-12.40661816605166,p_2000.00_4000.00_0.00_2000.00_0.1000_110.00_0.50_0.50.smt2,1,0.09855752177647059,-0.001776988771945709,0.010671130840573126,12.141960463886189,-1.771064374792784
22,Phaserr,4,0.10139781127914782,2000.0,2000.0,0.08624506835897437,0.0,2000.0,0.12324822062820513,0.03700315226923076,42.90465875128538,0.0,2000.0,0.1,110.0,0.5,1.0,p_0.00_2000.00_0.00_2000.00_0.1000_110.00_0.50_1.00.smt2,1,0.12324822062820513,0.021850409349057312,0.03700315226923076,42.90465875128538,21.54919230840517,p_0.00_4000.00_0.00_2000.00_0.1000_110.00_0.50_1.00.smt2,1,0.0979019329529412,-0.003495878326206625,0.011656864593966823,13.515978148974185,-3.4476861799141645,p_2000.00_2000.00_0.00_2000.00_0.1000_110.00_0.50_1.00.smt2,1,0.08624506835897437,-0.015152742920173448,0.0,0.0,-14.943856015252639,p_2000.00_4000.00_0.00_2000.00_0.1000_110.00_0.50_1.00.smt2,1,0.09819602317647058,-0.003201788102677239,0.01195095481749621,13.856971818670527,-3.1576501132383687
23,Phaserr,4,0.09280226211511752,2000.0,2000.0,0.07854715231944447,0.0,2000.0,0.11462175735897435,0.03607460503952989,45.927323873967566,0.0,2000.0,0.1,110.0,1.0,0.5,p_0.00_2000.00_0.00_2000.00_0.1000_110.00_1.00_0.50.smt2,1,0.11462175735897435,0.021819495243856832,0.03607460503952989,45.927323873967566,23.511813986592927,p_0.00_4000.00_0.00_2000.00_0.1000_110.00_1.00_0.50.smt2,1,0.09078175110256413,-0.0020205110125533915,0.012234598783119666,15.576120103454052,-2.1772217255297375,p_2000.00_2000.00_0.00_2000.00_0.1000_110.00_1.00_0.50.smt2,1,0.07854715231944447,-0.014255109795673057,0.0,0.0,-15.360735256636481,p_2000.00_4000.00_0.00_2000.00_0.1000_110.00_1.00_0.50.smt2,1,0.08725838767948717,-0.005543874435630355,0.008711235360042702,11.090453444594479,-5.97385700442668
24,Phaserr,4,0.09130654064182692,2000.0,2000.0,0.07742725744444447,0.0,2000.0,0.11242761093055553,0.035000353486111066,45.20417568867719,0.0,2000.0,0.1,110.0,1.0,1.0,p_0.00_2000.00_0.00_2000.00_0.1000_110.00_1.00_1.00.smt2,1,0.11242761093055553,0.021121070288728616,0.035000353486111066,45.20417568867719,23.13204524041862,p_0.00_4000.00_0.00_2000.00_0.1000_110.00_1.00_1.00.smt2,1,0.08858088524358972,-0.0027256553982372006,0.01115362779914525,14.405298815017684,-2.985169933147808,p_2000.00_2000.00_0.00_2000.00_0.1000_110.00_1.00_1.00.smt2,1,0.07742725744444447,-0.01387928319738245,0.0,0.0,-15.200754622637014,p_2000.00_4000.00_0.00_2000.00_0.1000_110.00_1.00_1.00.smt2,1,0.08679040894871796,-0.004516131693108952,0.009363151504273498,12.092836312834324,-4.946120684633782
25,Phaserr,4,0.10042855328306938,2000.0,2000.0,0.08814198420512821,0.0,2000.0,0.11823861511538457,0.030096630910256356,34.145624450901906,0.0,2000.0,0.1,2582.5,0.5,0.5,p_0.00_2000.00_0.00_2000.00_0.1000_2582.50_0.50_0.50.smt2,1,0.11823861511538457,0.01781006183231519,0.030096630910256356,34.145624450901906,17.734061927702466,p_0.00_4000.00_0.00_2000.00_0.1000_2582.50_0.50_0.50.smt2,1,0.09666306955294117,-0.003765483730128208,0.008521085347812957,9.667453512258453,-3.749415486962917,p_2000.00_2000.00_0.00_2000.00_0.1000_2582.50_0.50_0.50.smt2,1,0.08814198420512821,-0.012286569077941165,0.0,0.0,-12.23413927243387,p_2000.00_4000.00_0.00_2000.00_0.1000_2582.50_0.50_0.50.smt2,1,0.09867054425882356,-0.0017580090242458185,0.010528560053695346,11.945000045826948,-1.7505071683056797
26,Phaserr,4,0.09565792069208143,2000.0,2000.0,0.0875721677179487,0.0,4000.0,0.0990131946823529,0.011441026964404188,13.064683977280655,0.0,2000.0,0.1,2582.5,0.5,1.0,p_0.00_2000.00_0.00_2000.00_0.1000_2582.50_0.50_1.00.smt2,1,0.09734211989743588,0.001684199205354453,0.009769952179487174,11.156458078043823,1.760647935026536,p_0.00_4000.00_0.00_2000.00_0.1000_2582.50_0.50_1.00.smt2,1,0.0990131946823529,0.003355273990271468,0.011441026964404188,13.064683977280655,3.507575709357038,p_2000.00_2000.00_0.00_2000.00_0.1000_2582.50_0.50_1.00.smt2,1,0.0875721677179487,-0.00808575297413272,0.0,0.0,-8.452779357561408,p_2000.00_4000.00_0.00_2000.00_0.1000_2582.50_0.50_1.00.smt2,1,0.09870420047058823,0.0030462797785067997,0.01113203275263952,12.711838752802631,3.184555713177833
27,Phaserr,4,0.08433211724732906,2000.0,2000.0,0.07768495019444444,0.0,2000.0,0.08869222552564104,0.011007275331196609,14.169121951736518,0.0,2000.0,0.1,2582.5,1.0,0.5,p_0.00_2000.00_0.00_2000.00_0.1000_2582.50_1.00_0.50.smt2,1,0.08869222552564104,0.004360108278311986,0.011007275331196609,14.169121951736518,5.170163421279546,p_0.00_4000.00_0.00_2000.00_0.1000_2582.50_1.00_0.50.smt2,1,0.08693568592307689,0.0026035686757478332,0.009250735728632456,11.908015266120378,3.08728010244554,p_2000.00_2000.00_0.00_2000.00_0.1000_2582.50_1.00_0.50.smt2,1,0.07768495019444444,-0.006647167052884623,0.0,0.0,-7.882129928494294,p_2000.00_4000.00_0.00_2000.00_0.1000_2582.50_1.00_0.50.smt2,1,0.08401560734615383,-0.00031650990117522426,0.0063306571517093985,8.149142318896832,-0.37531359523082375
28,Phaserr,4,0.08187437487473291,2000.0,2000.0,0.07737809383333333,2000.0,4000.0,0.086411742474359,0.009033648641025668,11.674684905631661,0.0,2000.0,0.1,2582.5,1.0,1.0,p_0.00_2000.00_0.00_2000.00_0.1000_2582.50_1.00_1.00.smt2,1,0.07771433431944444,-0.004160040555288472,0.00033624048611111124,0.43454221919106495,-5.0810043577777515,p_0.00_4000.00_0.00_2000.00_0.1000_2582.50_1.00_1.00.smt2,1,0.0859933288717949,0.004118953997061983,0.008615235038461566,11.133945812904287,5.030821918779774,p_2000.00_2000.00_0.00_2000.00_0.1000_2582.50_1.00_1.00.smt2,1,0.07737809383333333,-0.004496281041399583,0.0,0.0,-5.491682896240556,p_2000.00_4000.00_0.00_2000.00_0.1000_2582.50_1.00_1.00.smt2,1,0.086411742474359,0.004537367599626085,0.009033648641025668,11.674684905631661,5.541865335238551
29,Phaserr,4,0.09341024908239065,2000.0,2000.0,0.08748954837179489,2000.0,4000.0,0.0992977198352941,0.011808171463499217,13.496665239737329,0.0,2000.0,0.1,5055.0,0.5,0.5,p_0.00_2000.00_0.00_2000.00_0.1000_5055.00_0.50_0.50.smt2,1,0.08762066248717948,-0.005789586595211171,0.0001311141153845924,0.14986260396203085,-6.198020722656014,p_0.00_4000.00_0.00_2000.00_0.1000_5055.00_0.50_0.50.smt2,1,0.0992330656352941,0.005822816552903454,0.011743517263499217,13.422765898383727,6.233594932144496,p_2000.00_2000.00_0.00_2000.00_0.1000_5055.00_0.50_0.50.smt2,1,0.08748954837179489,-0.005920700710595764,0.0,0.0,-6.338384458619233,p_2000.00_4000.00_0.00_2000.00_0.1000_5055.00_0.50_0.50.smt2,1,0.0992977198352941,0.005887470752903454,0.011808171463499217,13.496665239737329,6.302810249130722
30,Phaserr,4,0.09359566555788083,2000.0,2000.0,0.08674973726923077,0.0,4000.0,0.10127704334117647,0.014527306071945703,16.746224863897528,0.0,2000.0,0.1,5055.0,0.5,1.0,p_0.00_2000.00_0.00_2000.00_0.1000_5055.00_0.50_1.00.smt2,1,0.08813498025641024,-0.005460685301470591,0.001385242987179472,1.5968267233828306,-5.834335670270574,p_0.00_4000.00_0.00_2000.00_0.1000_5055.00_0.50_1.00.smt2,1,0.10127704334117647,0.00768137778329564,0.014527306071945703,16.746224863897528,8.206980245837743,p_2000.00_2000.00_0.00_2000.00_0.1000_5055.00_0.50_1.00.smt2,1,0.08674973726923077,-0.006845928288650063,0.0,0.0,-7.314364664052149,p_2000.00_4000.00_0.00_2000.00_0.1000_5055.00_0.50_1.00.smt2,1,0.09822090136470586,0.004625235806825029,0.011471164095475092,13.223283962087335,4.941720088484995
31,Phaserr,4,0.08534988559962606,2000.0,2000.0,0.07841380568055553,0.0,2000.0,0.08955534106410258,0.01114153538354705,14.20864003073102,0.0,2000.0,0.1,5055.0,1.0,0.5,p_0.00_2000.00_0.00_2000.00_0.1000_5055.00_1.00_0.50.smt2,1,0.08955534106410258,0.0042054554644765235,0.01114153538354705,14.20864003073102,4.927312362437365,p_0.00_4000.00_0.00_2000.00_0.1000_5055.00_1.00_0.50.smt2,1,0.08609591043589744,0.0007460248362713834,0.007682104755341909,9.796877843982593,0.8740783084009804,p_2000.00_2000.00_0.00_2000.00_0.1000_5055.00_1.00_0.50.smt2,1,0.07841380568055553,-0.006936079919070526,0.0,0.0,-8.126642315149061,p_2000.00_4000.00_0.00_2000.00_0.1000_5055.00_1.00_0.50.smt2,1,0.08733448521794869,0.0019845996183226328,0.008920679537393159,11.376414471878187,2.325251644310731
32,Phaserr,4,0.08264959407692307,2000.0,2000.0,0.077674189875,2000.0,4000.0,0.0887057123461538,0.011031522471153812,14.202301290694747,0.0,2000.0,0.1,5055.0,1.0,1.0,p_0.00_2000.00_0.00_2000.00_0.1000_5055.00_1.00_1.00.smt2,1,0.07788192145833335,-0.004767672618589722,0.0002077315833333565,0.2674396523061986,-5.768537246719428,p_0.00_4000.00_0.00_2000.00_0.1000_5055.00_1.00_1.00.smt2,1,0.08633655262820514,0.0036869585512820657,0.008662362753205144,11.152176504377278,4.460951795904242,p_2000.00_2000.00_0.00_2000.00_0.1000_5055.00_1.00_1.00.smt2,1,0.077674189875,-0.004975404201923078,0.0,0.0,-6.019877359944931,p_2000.00_4000.00_0.00_2000.00_0.1000_5055.00_1.00_1.00.smt2,1,0.0887057123461538,0.006056118269230734,0.011031522471153812,14.202301290694747,7.327462810760117
33,Phaserr,4,0.09454670153672701,2000.0,2000.0,0.08704180716666665,2000.0,4000.0,0.10023668541176473,0.013194878245098074,15.159242063796622,0.0,2000.0,0.1,7527.5,0.5,0.5,p_0.00_2000.00_0.00_2000.00_0.1000_7527.50_0.50_0.50.smt2,1,0.09069541847435897,-0.0038512830623680383,0.003653611307692317,4.197536134212407,-4.073418744145182,p_0.00_4000.00_0.00_2000.00_0.1000_7527.50_0.50_0.50.smt2,1,0.10021289509411767,0.005666193557390661,0.013171087927451017,15.131910005304885,5.993010295752738,p_2000.00_2000.00_0.00_2000.00_0.1000_7527.50_0.50_0.50.smt2,1,0.08704180716666665,-0.007504894370060355,0.0,0.0,-7.937764351456568,p_2000.00_4000.00_0.00_2000.00_0.1000_7527.50_0.50_0.50.smt2,1,0.10023668541176473,0.0056899838750377185,0.013194878245098074,15.159242063796622,6.018172799848997
34,Phaserr,4,0.09272978477420814,2000.0,2000.0,0.08795079376923076,0.0,4000.0,0.09767770974117647,0.009726915971945707,11.059497652139019,0.0,2000.0,0.1,7527.5,0.5,1.0,p_0.00_2000.00_0.00_2000.00_0.1000_7527.50_0.50_1.00.smt2,1,0.0884512826923077,-0.004278502081900434,0.0005004889230769416,0.5690556066954289,-4.61394587760378,p_0.00_4000.00_0.00_2000.00_0.1000_7527.50_0.50_1.00.smt2,1,0.09767770974117647,0.004947924966968331,0.009726915971945707,11.059497652139019,5.335852961393422,p_2000.00_2000.00_0.00_2000.00_0.1000_7527.50_0.50_1.00.smt2,1,0.08795079376923076,-0.004778991004977376,0.0,0.0,-5.1536742122436205,p_2000.00_4000.00_0.00_2000.00_0.1000_7527.50_0.50_1.00.smt2,1,0.09683935289411763,0.004109568119909493,0.008888559124886869,10.106286417617866,4.431767128453994
35,Phaserr,4,0.08423540471768162,2000.0,2000.0,0.0791485184861111,0.0,2000.0,0.0878532522051282,0.008704733719017102,10.997974296315602,0.0,2000.0,0.1,7527.5,1.0,0.5,p_0.00_2000.00_0.00_2000.00_0.1000_7527.50_1.00_0.50.smt2,1,0.0878532522051282,0.0036178474874465766,0.008704733719017102,10.997974296315602,4.294925037247626,p_0.00_4000.00_0.00_2000.00_0.1000_7527.50_1.00_0.50.smt2,1,0.08559934619230768,0.0013639414746260542,0.00645082770619658,8.150282316817545,1.6192021385750557,p_2000.00_2000.00_0.00_2000.00_0.1000_7527.50_1.00_0.50.smt2,1,0.0791485184861111,-0.0050868862315705254,0.0,0.0,-6.038893323560837,p_2000.00_4000.00_0.00_2000.00_0.1000_7527.50_1.00_0.50.smt2,1,0.08434050198717949,0.00010509726949786691,0.005191983501068392,6.559798718126955,0.12476614773812113
36,Phaserr,4,0.08234565667975427,0.0,2000.0,0.07682853288888888,0.0,4000.0,0.08772525562820513,0.010896722739316245,14.183171706630562,0.0,2000.0,0.1,7527.5,1.0,1.0,p_0.00_2000.00_0.00_2000.00_0.1000_7527.50_1.00_1.00.smt2,1,0.07682853288888888,-0.005517123790865386,0.0,0.0,-6.699957245251821,p_0.00_4000.00_0.00_2000.00_0.1000_7527.50_1.00_1.00.smt2,1,0.08772525562820513,0.005379598948450859,0.010896722739316245,14.183171706630562,6.5329480210138415,p_2000.00_2000.00_0.00_2000.00_0.1000_7527.50_1.00_1.00.smt2,1,0.07742641362499997,-0.004919243054754302,0.0005978807361110838,0.7782014228694855,-5.973894984996532,p_2000.00_4000.00_0.00_2000.00_0.1000_7527.50_1.00_1.00.smt2,1,0.08740242457692309,0.005056767897168815,0.010573891688034201,13.762974887632431,6.1409042092344945
37,Phaserr,4,0.09783280182733786,2000.0,2000.0,0.08644276121794874,0.0,2000.0,0.10842991353846156,0.02198715232051282,25.435504385470125,0.0,2000.0,0.1,10000.0,0.5,0.5,p_0.00_2000.00_0.00_2000.00_0.1000_10000.00_0.50_0.50.smt2,1,0.10842991353846156,0.010597111711123694,0.02198715232051282,25.435504385470125,10.831859573874022,p_0.00_4000.00_0.00_2000.00_0.1000_10000.00_0.50_0.50.smt2,1,0.09875975511764705,0.0009269532903091876,0.012316993899698314,14.248727974622874,0.94748721593923,p_2000.00_2000.00_0.00_2000.00_0.1000_10000.00_0.50_0.50.smt2,1,0.08644276121794874,-0.011390040609389127,0.0,0.0,-11.64235348129052,p_2000.00_4000.00_0.00_2000.00_0.1000_10000.00_0.50_0.50.smt2,1,0.09769877743529412,-0.00013402439204374117,0.011256016217345385,13.021352000736663,-0.13699330852271485
38,Phaserr,4,0.09909283755324283,2000.0,2000.0,0.08507825374358975,0.0,2000.0,0.11591091312820513,0.03083265938461538,36.24035288446253,0.0,2000.0,0.1,10000.0,0.5,1.0,p_0.00_2000.00_0.00_2000.00_0.1000_10000.00_0.50_1.00.smt2,1,0.11591091312820513,0.016818075574962302,0.03083265938461538,36.24035288446253,16.97203954415566,p_0.00_4000.00_0.00_2000.00_0.1000_10000.00_0.50_1.00.smt2,1,0.09759178323529412,-0.0015010543179487107,0.012513529491704367,14.70825850447971,-1.5147959782080016,p_2000.00_2000.00_0.00_2000.00_0.1000_10000.00_0.50_1.00.smt2,1,0.08507825374358975,-0.014014583809653078,0.0,0.0,-14.142882730674664,p_2000.00_4000.00_0.00_2000.00_0.1000_10000.00_0.50_1.00.smt2,1,0.09779040010588234,-0.0013024374473604855,0.012712146362292592,14.941710487623158,-1.3143608352729657
39,Phaserr,4,0.08999667453739317,2000.0,2000.0,0.07837781627777776,0.0,2000.0,0.10509954973076925,0.02672173345299149,34.09349063552288,0.0,2000.0,0.1,10000.0,1.0,0.5,p_0.00_2000.00_0.00_2000.00_0.1000_10000.00_1.00_0.50.smt2,1,0.10509954973076925,0.01510287519337608,0.02672173345299149,34.09349063552288,16.781592509955367,p_0.00_4000.00_0.00_2000.00_0.1000_10000.00_1.00_0.50.smt2,1,0.08803322351282053,-0.0019634510245726405,0.009655407235042768,12.319056199299007,-2.1816928621699643,p_2000.00_2000.00_0.00_2000.00_0.1000_10000.00_1.00_0.50.smt2,1,0.07837781627777776,-0.011618858259615408,0.0,0.0,-12.910319541626874,p_2000.00_4000.00_0.00_2000.00_0.1000_10000.00_1.00_0.50.smt2,1,0.08847610862820512,-0.0015205659091880458,0.010098292350427363,12.8841205713593,-1.689580106158543
40,Phaserr,4,0.08663005713595084,2000.0,2000.0,0.07828276259722221,0.0,2000.0,0.09180309713888889,0.013520334541666679,17.271151519308333,0.0,2000.0,0.1,10000.0,1.0,1.0,p_0.00_2000.00_0.00_2000.00_0.1000_10000.00_1.00_1.00.smt2,1,0.09180309713888889,0.0051730400029380424,0.013520334541666679,17.271151519308333,5.971414742137194,p_0.00_4000.00_0.00_2000.00_0.1000_10000.00_1.00_1.00.smt2,1,0.0890715665128205,0.002441509376869655,0.010788803915598291,13.781838501418859,2.8183167108364358,p_2000.00_2000.00_0.00_2000.00_0.1000_10000.00_1.00_1.00.smt2,1,0.07828276259722221,-0.008347294538728636,0.0,0.0,-9.635563930921812,p_2000.00_4000.00_0.00_2000.00_0.1000_10000.00_1.00_1.00.smt2,1,0.08736280229487181,0.0007327451589209666,0.009080039697649603,11.599028185001483,0.845832477948214
41,Phaserr,4,0.07758345231930804,2000.0,2000.0,0.07216873957812502,2000.0,4000.0,0.08461094114285712,0.012442201564732108,17.240430742541953,0.0,2000.0,0.12,110.0,0.5,0.5,p_0.00_2000.00_0.00_2000.00_0.1200_110.00_0.50_0.50.smt2,1,0.07323752315625001,-0.004345929163058024,0.001068783578124996,1.4809508720434321,-5.601618686896795,p_0.00_4000.00_0.00_2000.00_0.1200_110.00_0.50_0.50.smt2,1,0.0803166054,0.002733153080691969,0.008147865821874989,11.290020955755585,3.5228557108327783,p_2000.00_2000.00_0.00_2000.00_0.1200_110.00_0.50_0.50.smt2,1,0.07216873957812502,-0.00541471274118302,0.0,0.0,-6.979210874630634,p_2000.00_4000.00_0.00_2000.00_0.1200_110.00_0.50_0.50.smt2,1,0.08461094114285712,0.0070274888235490884,0.012442201564732108,17.240430742541953,9.057973850694669
42,Phaserr,4,0.07666854106886162,2000.0,2000.0,0.07135517721875001,0.0,4000.0,0.08515089125714288,0.013795714038392873,19.33386556675494,0.0,2000.0,0.12,110.0,0.5,1.0,p_0.00_2000.00_0.00_2000.00_0.1200_110.00_0.50_1.00.smt2,1,0.07256961082812498,-0.00409893024073664,0.001214433609374968,1.7019558449864673,-5.346300038571349,p_0.00_4000.00_0.00_2000.00_0.1200_110.00_0.50_1.00.smt2,1,0.08515089125714288,0.008482350188281265,0.013795714038392873,19.33386556675494,11.063664535709172,p_2000.00_2000.00_0.00_2000.00_0.1200_110.00_0.50_1.00.smt2,1,0.07135517721875001,-0.005313363850111608,0.0,0.0,-6.930305149982295,p_2000.00_4000.00_0.00_2000.00_0.1200_110.00_0.50_1.00.smt2,1,0.07759848497142859,0.0009299439025669681,0.006243307752678576,8.749621255285764,1.2129406528444535
43,Phaserr,4,0.06879766863539459,2000.0,2000.0,0.0629976299322034,0.0,2000.0,0.07177497395312499,0.00877734402092159,13.932816250972563,0.0,2000.0,0.12,110.0,1.0,0.5,p_0.00_2000.00_0.00_2000.00_0.1200_110.00_1.00_0.50.smt2,1,0.07177497395312499,0.002977305317730397,0.00877734402092159,13.932816250972563,4.327625305893943,p_0.00_4000.00_0.00_2000.00_0.1200_110.00_1.00_0.50.smt2,1,0.07052651078124998,0.0017288421458553915,0.007528880849046585,11.951054122431263,2.5129371098571616,p_2000.00_2000.00_0.00_2000.00_0.1200_110.00_1.00_0.50.smt2,1,0.0629976299322034,-0.005800038703191193,0.0,0.0,-8.430574492181595,p_2000.00_4000.00_0.00_2000.00_0.1200_110.00_1.00_0.50.smt2,1,0.06989155987500001,0.0010938912396054185,0.006893929942796612,10.943157623891091,1.5900120764305088
44,Phaserr,4,0.06709437952800583,2000.0,2000.0,0.06392180467796611,2000.0,4000.0,0.07071512598437499,0.0067933213064088754,10.627549301264546,0.0,2000.0,0.12,110.0,1.0,1.0,p_0.00_2000.00_0.00_2000.00_0.1200_110.00_1.00_1.00.smt2,1,0.06405704235593221,-0.0030373371720736203,0.00013523767796609631,0.2115673652322786,-4.5269621590371925,p_0.00_4000.00_0.00_2000.00_0.1200_110.00_1.00_1.00.smt2,1,0.06968354509375001,0.002589165565744178,0.005761740415783895,9.013732395089855,3.858990252176691,p_2000.00_2000.00_0.00_2000.00_0.1200_110.00_1.00_1.00.smt2,1,0.06392180467796611,-0.0031725748500397166,0.0,0.0,-4.728525507439046,p_2000.00_4000.00_0.00_2000.00_0.1200_110.00_1.00_1.00.smt2,1,0.07071512598437499,0.003620746456369159,0.0067933213064088754,10.627549301264546,5.396497414299546
45,Phaserr,4,0.07690840245970981,0.0,2000.0,0.07160559307812502,0.0,4000.0,0.0821524966857143,0.01054690360758928,14.729161723557155,0.0,2000.0,0.12,2582.5,0.5,0.5,p_0.00_2000.00_0.00_2000.00_0.1200_2582.50_0.50_0.50.smt2,1,0.07160559307812502,-0.005302809381584797,0.0,0.0,-6.894967535390937,p_0.00_4000.00_0.00_2000.00_0.1200_2582.50_0.50_0.50.smt2,1,0.0821524966857143,0.005244094226004484,0.01054690360758928,14.729161723557155,6.818623269091723,p_2000.00_2000.00_0.00_2000.00_0.1200_2582.50_0.50_0.50.smt2,1,0.072702311375,-0.004206091084709818,0.0010967182968749795,1.5316098222640362,-5.468961713140866,p_2000.00_4000.00_0.00_2000.00_0.1200_2582.50_0.50_0.50.smt2,1,0.08117320869999997,0.004264806240290159,0.009567615621874956,13.361547905114401,5.545305979440117
46,Phaserr,4,0.07623555012254463,2000.0,2000.0,0.06933879901562498,0.0,4000.0,0.08281938148571426,0.013480582470089278,19.441615172843605,0.0,2000.0,0.12,2582.5,0.5,1.0,p_0.00_2000.00_0.00_2000.00_0.1200_2582.50_0.50_1.00.smt2,1,0.072527570203125,-0.003707979919419624,0.0031887711875000224,4.5988266782374705,-4.863846215393267,p_0.00_4000.00_0.00_2000.00_0.1200_2582.50_0.50_1.00.smt2,1,0.08281938148571426,0.006583831363169632,0.013480582470089278,19.441615172843605,8.636169546342186,p_2000.00_2000.00_0.00_2000.00_0.1200_2582.50_0.50_1.00.smt2,1,0.06933879901562498,-0.006896751106919646,0.0,0.0,-9.046633881218778,p_2000.00_4000.00_0.00_2000.00_0.1200_2582.50_0.50_1.00.smt2,1,0.08025644978571429,0.004020899663169666,0.010917650770089313,15.745370449276317,5.274310550269896
47,Phaserr,4,0.06907223214618644,2000.0,2000.0,0.06392626408474576,0.0,2000.0,0.071222672203125,0.007296408118379241,11.413787780100117,0.0,2000.0,0.12,2582.5,1.0,0.5,p_0.00_2000.00_0.00_2000.00_0.1200_2582.50_1.00_0.50.smt2,1,0.071222672203125,0.0021504400569385684,0.007296408118379241,11.413787780100117,3.113320635689485,p_0.00_4000.00_0.00_2000.00_0.1200_2582.50_1.00_0.50.smt2,1,0.07038792829687501,0.0013156961506885778,0.006461664212129251,10.107995992950803,1.9048119769808525,p_2000.00_2000.00_0.00_2000.00_0.1200_2582.50_1.00_0.50.smt2,1,0.06392626408474576,-0.005145968061440673,0.0,0.0,-7.4501256171215084,p_2000.00_4000.00_0.00_2000.00_0.1200_2582.50_1.00_0.50.smt2,1,0.07075206399999999,0.0016798318538135543,0.006825799915254227,10.677614299821121,2.4319930044512104
48,Phaserr,4,0.06712527724212129,0.0,2000.0,0.06358554276271187,0.0,4000.0,0.07088901665625,0.007303473893538123,11.486060472571856,0.0,2000.0,0.12,2582.5,1.0,1.0,p_0.00_2000.00_0.00_2000.00_0.1200_2582.50_1.00_1.00.smt2,1,0.06358554276271187,-0.0035397344794094177,0.0,0.0,-5.273325675276652,p_0.00_4000.00_0.00_2000.00_0.1200_2582.50_1.00_1.00.smt2,1,0.07088901665625,0.0037637394141287056,0.007303473893538123,11.486060472571856,5.607037421317269,p_2000.00_2000.00_0.00_2000.00_0.1200_2582.50_1.00_1.00.smt2,1,0.0643058910338983,-0.0028193862082229876,0.0007203482711864301,1.1328805887127853,-4.200185569518684,p_2000.00_4000.00_0.00_2000.00_0.1200_2582.50_1.00_1.00.smt2,1,0.06972065851562499,0.0025953812735036996,0.006135115752913117,9.64860168892181,3.8664738234780662
49,Phaserr,4,0.07665399315022321,2000.0,2000.0,0.07233544209375,0.0,4000.0,0.08102398635714286,0.00868854426339287,12.011462171105727,0.0,2000.0,0.12,5055.0,0.5,0.5,p_0.00_2000.00_0.00_2000.00_0.1200_5055.00_0.50_0.50.smt2,1,0.07237552575,-0.00427846740022321,4.008365625000898e-05,0.05541357747984557,-5.581532317355539,p_0.00_4000.00_0.00_2000.00_0.1200_5055.00_0.50_0.50.smt2,1,0.08102398635714286,0.004369993206919651,0.00868854426339287,12.011462171105727,5.700933542177673,p_2000.00_2000.00_0.00_2000.00_0.1200_5055.00_0.50_0.50.smt2,1,0.07233544209375,-0.004318551056473219,0.0,0.0,-5.633823991412825,p_2000.00_4000.00_0.00_2000.00_0.1200_5055.00_0.50_0.50.smt2,1,0.08088101839999999,0.004227025249776778,0.008545576306249997,11.813816379492842,5.514422766590692
50,Phaserr,4,0.07659872893381696,2000.0,2000.0,0.07016321321874998,2000.0,4000.0,0.0822163584,0.012053145181250016,17.178724616946432,0.0,2000.0,0.12,5055.0,0.5,1.0,p_0.00_2000.00_0.00_2000.00_0.1200_5055.00_0.50_1.00.smt2,1,0.072402085859375,-0.0041966430744419525,0.002238872640625028,3.190949413398196,-5.478737223000067,p_0.00_4000.00_0.00_2000.00_0.1200_5055.00_0.50_1.00.smt2,1,0.08161325825714286,0.0050145293233258975,0.011450045038392878,16.319157166725994,6.546491558180508,p_2000.00_2000.00_0.00_2000.00_0.1200_5055.00_0.50_1.00.smt2,1,0.07016321321874998,-0.006435515715066981,0.0,0.0,-8.401595959415218,p_2000.00_4000.00_0.00_2000.00_0.1200_5055.00_0.50_1.00.smt2,1,0.0822163584,0.005617629466183036,0.012053145181250016,17.178724616946432,7.333841624234777
51,Phaserr,4,0.07005306120868643,2000.0,2000.0,0.06402048808474577,0.0,4000.0,0.073081885640625,0.00906139755587923,14.153902644235384,0.0,2000.0,0.12,5055.0,1.0,0.5,p_0.00_2000.00_0.00_2000.00_0.1200_5055.00_1.00_0.50.smt2,1,0.07145597534375,0.0014029141350635765,0.007435487259004239,11.614230821173482,2.0026450105932248,p_0.00_4000.00_0.00_2000.00_0.1200_5055.00_1.00_0.50.smt2,1,0.073081885640625,0.0030288244319385677,0.00906139755587923,14.153902644235384,4.323614671050235,p_2000.00_2000.00_0.00_2000.00_0.1200_5055.00_1.00_0.50.smt2,1,0.06402048808474577,-0.006032573123940663,0.0,0.0,-8.611433989971928,p_2000.00_4000.00_0.00_2000.00_0.1200_5055.00_1.00_0.50.smt2,1,0.07165389576562498,0.0016008345569385463,0.007633407680879209,11.923382512758488,2.2851743083285077
52,Phaserr,4,0.06858174354601432,2000.0,2000.0,0.06436923144067798,2000.0,4000.0,0.07371786935937502,0.009348637918697042,14.523457418180689,0.0,2000.0,0.12,5055.0,1.0,1.0,p_0.00_2000.00_0.00_2000.00_0.1200_5055.00_1.00_1.00.smt2,1,0.06446671191525426,-0.00411503163076006,9.748047457627806e-05,0.15143955022379763,-6.00018520672213,p_0.00_4000.00_0.00_2000.00_0.1200_5055.00_1.00_1.00.smt2,1,0.07177316146875001,0.0031914179227356954,0.007403930028072034,11.502281233379987,4.653451133966056,p_2000.00_2000.00_0.00_2000.00_0.1200_5055.00_1.00_1.00.smt2,1,0.06436923144067798,-0.0042125121053363385,0.0,0.0,-6.142322850847312,p_2000.00_4000.00_0.00_2000.00_0.1200_5055.00_1.00_1.00.smt2,1,0.07371786935937502,0.0051361258133607035,0.009348637918697042,14.523457418180689,7.489056923603386
53,Phaserr,4,0.07559718246127231,0.0,2000.0,0.07095891403124999,2000.0,4000.0,0.07948083387142856,0.008521919840178568,12.009653694003198,0.0,2000.0,0.12,7527.5,0.5,0.5,p_0.00_2000.00_0.00_2000.00_0.1200_7527.50_0.50_0.50.smt2,1,0.07095891403124999,-0.004638268430022324,0.0,0.0,-6.135504365388834,p_0.00_4000.00_0.00_2000.00_0.1200_7527.50_0.50_0.50.smt2,1,0.07943110711428572,0.0038339246530134097,0.008472193083035734,11.939575455318579,5.07151791665978,p_2000.00_2000.00_0.00_2000.00_0.1200_7527.50_0.50_0.50.smt2,1,0.072517874828125,-0.0030793076331473157,0.0015589607968750085,2.196990777210104,-4.073310053221645,p_2000.00_4000.00_0.00_2000.00_0.1200_7527.50_0.50_0.50.smt2,1,0.07948083387142856,0.003883651410156244,0.008521919840178568,12.009653694003198,5.137296501950718
54,Phaserr,4,0.07578812319720982,2000.0,2000.0,0.07060813132812498,2000.0,4000.0,0.08042269641428572,0.009814565086160743,13.900049330793374,0.0,2000.0,0.12,7527.5,0.5,1.0,p_0.00_2000.00_0.00_2000.00_0.1200_7527.50_0.50_1.00.smt2,1,0.072341852375,-0.0034462708222098154,0.0017337210468750253,2.4554127325905326,-4.54724391741725,p_0.00_4000.00_0.00_2000.00_0.1200_7527.50_0.50_1.00.smt2,1,0.0797798126714286,0.003991689474218782,0.009171681343303623,12.989553994399952,5.2669063513183,p_2000.00_2000.00_0.00_2000.00_0.1200_7527.50_0.50_1.00.smt2,1,0.07060813132812498,-0.005179991869084841,0.0,0.0,-6.83483328331786,p_2000.00_4000.00_0.00_2000.00_0.1200_7527.50_0.50_1.00.smt2,1,0.08042269641428572,0.004634573217075902,0.009814565086160743,13.900049330793374,6.115170849416847
55,Phaserr,4,0.07038776861208951,2000.0,2000.0,0.06308431633898305,2000.0,4000.0,0.073298878234375,0.010214561895391952,16.191919780035484,0.0,2000.0,0.12,7527.5,1.0,0.5,p_0.00_2000.00_0.00_2000.00_0.1200_7527.50_1.00_0.50.smt2,1,0.07191079064062501,0.0015230220285355062,0.008826474301641962,13.99155101279528,2.163759497660675,p_0.00_4000.00_0.00_2000.00_0.1200_7527.50_1.00_0.50.smt2,1,0.07325708923437499,0.0028693206222854817,0.010172772895391938,16.125676690746126,4.076447767649022,p_2000.00_2000.00_0.00_2000.00_0.1200_7527.50_1.00_0.50.smt2,1,0.06308431633898305,-0.007303452273106456,0.0,0.0,-10.376024722926145,p_2000.00_4000.00_0.00_2000.00_0.1200_7527.50_1.00_0.50.smt2,1,0.073298878234375,0.002911109622285496,0.010214561895391952,16.191919780035484,4.135817457616487
56,Phaserr,4,0.06766190858712923,2000.0,2000.0,0.06315584967796609,0.0,4000.0,0.07148658220312501,0.008330732525158924,13.190753616074558,0.0,2000.0,0.12,7527.5,1.0,1.0,p_0.00_2000.00_0.00_2000.00_0.1200_7527.50_1.00_1.00.smt2,1,0.06552785798305083,-0.002134050604078397,0.002372008305084744,3.755801429605806,-3.1539911430821506,p_0.00_4000.00_0.00_2000.00_0.1200_7527.50_1.00_1.00.smt2,1,0.07148658220312501,0.003824673615995783,0.008330732525158924,13.190753616074558,5.652624491179841,p_2000.00_2000.00_0.00_2000.00_0.1200_7527.50_1.00_1.00.smt2,1,0.06315584967796609,-0.004506058909163141,0.0,0.0,-6.659668642602097,p_2000.00_4000.00_0.00_2000.00_0.1200_7527.50_1.00_1.00.smt2,1,0.07047734448437501,0.0028154358972457827,0.007321494806408924,11.592742150951155,4.1610352945044475
57,Phaserr,4,0.07666410878783483,0.0,2000.0,0.07166255164062502,0.0,4000.0,0.0823840478,0.010721496159374982,14.961086249260818,0.0,2000.0,0.12,10000.0,0.5,0.5,p_0.00_2000.00_0.00_2000.00_0.1200_10000.00_0.50_0.50.smt2,1,0.07166255164062502,-0.0050015571472098175,0.0,0.0,-6.5239878559750135,p_0.00_4000.00_0.00_2000.00_0.1200_10000.00_0.50_0.50.smt2,1,0.0823840478,0.005719939012165165,0.010721496159374982,14.961086249260818,7.461038943262081,p_2000.00_2000.00_0.00_2000.00_0.1200_10000.00_0.50_0.50.smt2,1,0.07214667262499999,-0.0045174361628348425,0.00048412098437497497,0.6755564423700063,-5.8925046338654825,p_2000.00_4000.00_0.00_2000.00_0.1200_10000.00_0.50_0.50.smt2,1,0.0804631630857143,0.0037990542978794672,0.008800611445089285,12.280628087627678,4.955453546578378
58,Phaserr,4,0.07565693255959821,2000.0,2000.0,0.07029517271874998,0.0,4000.0,0.07986464744285715,0.009569474724107171,13.613274360096545,0.0,2000.0,0.12,10000.0,0.5,1.0,p_0.00_2000.00_0.00_2000.00_0.1200_10000.00_0.50_1.00.smt2,1,0.0727258295625,-0.0029311029970982144,0.0024306568437500176,3.4577862885052464,-3.8742027966693717,p_0.00_4000.00_0.00_2000.00_0.1200_10000.00_0.50_1.00.smt2,1,0.07986464744285715,0.0042077148832589395,0.009569474724107171,13.613274360096545,5.561572140060452,p_2000.00_2000.00_0.00_2000.00_0.1200_10000.00_0.50_1.00.smt2,1,0.07029517271874998,-0.005361759840848232,0.0,0.0,-7.086937917585469,p_2000.00_4000.00_0.00_2000.00_0.1200_10000.00_0.50_1.00.smt2,1,0.07974208051428572,0.004085147954687507,0.009446907795535739,13.438913982518669,5.399568574194388
59,Phaserr,4,0.06878658500238348,2000.0,2000.0,0.06354573732203389,0.0,2000.0,0.0719250310625,0.008379293740466115,13.18624048376676,0.0,2000.0,0.12,10000.0,1.0,0.5,p_0.00_2000.00_0.00_2000.00_0.1200_10000.00_1.00_0.50.smt2,1,0.0719250310625,0.003138446060116526,0.008379293740466115,13.18624048376676,4.562584492321835,p_0.00_4000.00_0.00_2000.00_0.1200_10000.00_1.00_0.50.smt2,1,0.06997296912500002,0.0011863841226165406,0.00642723180296613,10.114339802832923,1.7247318246362018,p_2000.00_2000.00_0.00_2000.00_0.1200_10000.00_1.00_0.50.smt2,1,0.06354573732203389,-0.005240847680349589,0.0,0.0,-7.61899675666119,p_2000.00_4000.00_0.00_2000.00_0.1200_10000.00_1.00_0.50.smt2,1,0.0697026025,0.0009160174976165225,0.0061568651779661115,9.68887204308396,1.3316804397031516
60,Phaserr,4,0.0677546056727357,0.0,2000.0,0.06386057184745762,0.0,4000.0,0.07181605728124998,0.007955485433792361,12.457585648928198,0.0,2000.0,0.12,10000.0,1.0,1.0,p_0.00_2000.00_0.00_2000.00_0.1200_10000.00_1.00_1.00.smt2,1,0.06386057184745762,-0.003894033825278073,0.0,0.0,-5.747260701489145,p_0.00_4000.00_0.00_2000.00_0.1200_10000.00_1.00_1.00.smt2,1,0.07181605728124998,0.004061451608514288,0.007955485433792361,12.457585648928198,5.994355023083851,p_2000.00_2000.00_0.00_2000.00_0.1200_10000.00_1.00_1.00.smt2,1,0.06398253079661018,-0.0037720748761255196,0.00012195894915255356,0.19097691364849392,-5.567259728947687,p_2000.00_4000.00_0.00_2000.00_0.1200_10000.00_1.00_1.00.smt2,1,0.07135926276562497,0.003604657092889277,0.00749869091816735,11.742285891331058,5.320165407352939
